<PAMDataset>
  <PAMRasterBand band="1">
    <Description>Layer_1</Description>
    <Histograms>
      <HistItem>
        <HistMin>18.762334823608</HistMin>
        <HistMax>30.024158477783</HistMax>
        <BucketCount>256</BucketCount>
        <IncludeOutOfRange>1</IncludeOutOfRange>
        <Approximate>0</Approximate>
        <HistCounts>1|0|0|0|1|1|1|1|1|1|0|1|1|1|0|2|1|2|1|3|1|1|1|3|4|1|1|1|1|4|1|1|3|1|2|2|0|0|2|4|4|3|2|2|2|2|3|7|3|6|4|5|3|8|5|4|5|2|4|6|4|3|3|8|10|9|3|4|4|6|3|9|4|3|5|3|8|6|8|6|8|8|4|5|5|10|5|3|5|6|4|11|9|10|7|4|6|8|8|6|5|11|8|8|4|7|8|16|18|7|12|11|10|9|18|6|9|28|13|13|11|15|11|15|17|26|35|41|32|37|29|28|21|29|29|18|17|23|23|18|25|14|22|15|19|15|13|25|18|18|33|23|34|27|33|22|33|22|39|34|41|21|18|35|30|20|11|21|17|16|10|12|10|11|9|9|23|41|62|32|31|48|31|27|30|30|28|25|31|26|44|40|37|41|45|46|43|38|40|36|33|34|37|35|28|40|44|34|32|35|34|26|34|36|37|22|30|26|25|30|22|25|38|34|37|54|56|65|65|64|71|62|79|77|68|89|109|97|85|77|99|68|60|60|59|57|75|82|40|15|8|6|4|3|2|1</HistCounts>
      </HistItem>
    </Histograms>
    <Metadata>
      <MDI key="LAYER_TYPE">athematic</MDI>
      <MDI key="STATISTICS_COVARIANCES">5.288264727319523</MDI>
      <MDI key="STATISTICS_EXCLUDEDVALUES"></MDI>
      <MDI key="STATISTICS_MAXIMUM">30.024158477783</MDI>
      <MDI key="STATISTICS_MEAN">27.003077209097</MDI>
      <MDI key="STATISTICS_MEDIAN">0</MDI>
      <MDI key="STATISTICS_MINIMUM">18.762334823608</MDI>
      <MDI key="STATISTICS_MODE">0</MDI>
      <MDI key="STATISTICS_SKIPFACTORX">1</MDI>
      <MDI key="STATISTICS_SKIPFACTORY">1</MDI>
      <MDI key="STATISTICS_STDDEV">2.2996227358677</MDI>
    </Metadata>
  </PAMRasterBand>
</PAMDataset>
