<PAMDataset>
  <PAMRasterBand band="1">
    <Description>Layer_1</Description>
    <Histograms>
      <HistItem>
        <HistMin>16.528469085693</HistMin>
        <HistMax>29.751600265503</HistMax>
        <BucketCount>256</BucketCount>
        <IncludeOutOfRange>1</IncludeOutOfRange>
        <Approximate>0</Approximate>
        <HistCounts>1|1|1|3|1|1|4|2|0|2|0|0|0|1|1|0|0|0|2|1|2|1|0|1|1|1|1|1|2|1|0|1|0|0|1|2|1|0|1|1|1|0|2|2|1|1|0|1|0|2|2|1|2|1|1|0|2|2|2|0|1|0|3|4|4|3|2|4|3|2|2|2|1|4|1|2|2|7|4|7|5|2|1|3|7|5|1|2|4|0|9|9|10|1|6|4|5|10|9|6|9|4|17|20|7|14|6|13|17|19|7|11|7|7|13|8|14|4|6|14|11|17|21|22|20|18|22|19|12|8|7|15|7|12|11|9|7|6|11|11|11|9|12|17|28|30|52|43|34|28|32|31|47|32|32|38|33|25|30|25|31|27|28|22|25|31|26|26|24|37|33|17|19|29|27|32|14|25|22|31|22|19|24|25|25|15|19|8|7|7|12|10|4|5|7|9|9|13|10|5|11|20|37|50|63|51|58|47|39|56|47|81|46|53|50|66|53|44|35|30|37|37|33|59|117|108|98|55|39|37|37|29|20|33|26|22|26|20|65|48|43|47|52|68|76|91|117|165|167|133|160|116|52|22|21|0</HistCounts>
      </HistItem>
    </Histograms>
    <Metadata>
      <MDI key="LAYER_TYPE">athematic</MDI>
      <MDI key="STATISTICS_COVARIANCES">6.620784317302948</MDI>
      <MDI key="STATISTICS_EXCLUDEDVALUES"></MDI>
      <MDI key="STATISTICS_MAXIMUM">29.751600265503</MDI>
      <MDI key="STATISTICS_MEAN">26.753230481252</MDI>
      <MDI key="STATISTICS_MEDIAN">0</MDI>
      <MDI key="STATISTICS_MINIMUM">16.528469085693</MDI>
      <MDI key="STATISTICS_MODE">0</MDI>
      <MDI key="STATISTICS_SKIPFACTORX">1</MDI>
      <MDI key="STATISTICS_SKIPFACTORY">1</MDI>
      <MDI key="STATISTICS_STDDEV">2.5730884783277</MDI>
    </Metadata>
  </PAMRasterBand>
</PAMDataset>
