<PAMDataset>
  <PAMRasterBand band="1">
    <Description>Layer_1</Description>
    <Histograms>
      <HistItem>
        <HistMin>18.096984863281</HistMin>
        <HistMax>29.275838851929</HistMax>
        <BucketCount>256</BucketCount>
        <IncludeOutOfRange>1</IncludeOutOfRange>
        <Approximate>0</Approximate>
        <HistCounts>1|0|0|0|0|0|0|1|0|0|0|0|0|0|0|1|0|0|1|0|0|0|1|0|0|0|0|1|0|0|3|2|1|1|0|0|1|1|2|2|1|1|1|2|1|2|0|1|1|1|1|2|2|2|0|2|2|0|3|3|1|0|4|4|2|1|1|5|2|2|3|2|1|4|4|1|3|2|2|3|7|2|1|3|3|0|4|6|9|3|4|2|2|1|4|9|4|4|1|4|4|8|5|11|3|8|6|5|6|7|7|19|11|14|9|9|9|8|7|11|10|7|9|10|8|12|9|9|12|11|17|10|12|16|21|22|21|38|38|38|28|31|15|13|17|12|17|17|22|16|21|25|14|25|36|18|26|31|28|27|28|35|31|19|42|29|25|32|34|33|33|33|37|35|36|34|39|31|23|37|37|24|17|24|18|17|22|23|12|14|9|10|9|9|11|9|11|10|7|13|11|9|11|52|84|70|74|91|121|89|100|81|84|67|88|76|62|73|66|70|60|63|67|67|89|86|82|90|71|62|66|72|78|97|131|84|80|59|50|43|31|29|30|24|35|32|27|14|27|24|17|27|14|14|9|0</HistCounts>
      </HistItem>
    </Histograms>
    <Metadata>
      <MDI key="LAYER_TYPE">athematic</MDI>
      <MDI key="STATISTICS_COVARIANCES">3.503379209027544</MDI>
      <MDI key="STATISTICS_EXCLUDEDVALUES"></MDI>
      <MDI key="STATISTICS_MAXIMUM">29.275838851929</MDI>
      <MDI key="STATISTICS_MEAN">26.644714125216</MDI>
      <MDI key="STATISTICS_MEDIAN">0</MDI>
      <MDI key="STATISTICS_MINIMUM">18.096984863281</MDI>
      <MDI key="STATISTICS_MODE">0</MDI>
      <MDI key="STATISTICS_SKIPFACTORX">1</MDI>
      <MDI key="STATISTICS_SKIPFACTORY">1</MDI>
      <MDI key="STATISTICS_STDDEV">1.8717316071028</MDI>
    </Metadata>
  </PAMRasterBand>
</PAMDataset>
