<PAMDataset>
  <PAMRasterBand band="1">
    <Description>Layer_1</Description>
    <Histograms>
      <HistItem>
        <HistMin>17.096683502197</HistMin>
        <HistMax>29.537687301636</HistMax>
        <BucketCount>256</BucketCount>
        <IncludeOutOfRange>1</IncludeOutOfRange>
        <Approximate>0</Approximate>
        <HistCounts>1|0|0|0|0|0|0|0|0|0|0|1|0|1|2|1|2|0|1|1|0|1|0|0|0|2|0|0|2|1|1|3|0|0|0|4|0|0|0|1|1|1|0|0|2|2|2|1|2|1|0|1|1|1|0|4|4|4|3|2|2|1|2|4|3|3|4|2|2|6|6|5|3|4|3|6|4|4|5|2|4|7|4|7|6|8|3|5|4|6|4|9|5|6|4|8|9|5|9|6|7|7|12|8|10|9|6|10|8|10|11|9|7|11|9|15|8|11|16|25|18|14|28|10|14|27|14|21|28|15|11|20|12|15|11|18|14|13|10|22|9|13|21|15|19|20|25|18|18|19|12|19|16|29|39|32|47|21|28|18|22|23|17|13|19|22|15|14|19|21|19|16|19|21|19|16|14|13|14|14|20|14|18|16|16|19|28|23|17|13|22|22|21|33|34|58|94|47|46|30|31|37|38|58|45|50|86|65|51|49|44|52|48|58|47|66|40|41|38|39|36|30|26|34|27|27|27|38|30|27|36|35|45|77|83|92|112|148|135|134|143|134|102|105|110|52|43|41|45|37|35|28|20|21|17|0</HistCounts>
      </HistItem>
    </Histograms>
    <Metadata>
      <MDI key="LAYER_TYPE">athematic</MDI>
      <MDI key="STATISTICS_COVARIANCES">5.482111025500014</MDI>
      <MDI key="STATISTICS_EXCLUDEDVALUES"></MDI>
      <MDI key="STATISTICS_MAXIMUM">29.537687301636</MDI>
      <MDI key="STATISTICS_MEAN">26.685082415578</MDI>
      <MDI key="STATISTICS_MEDIAN">0</MDI>
      <MDI key="STATISTICS_MINIMUM">17.096683502197</MDI>
      <MDI key="STATISTICS_MODE">0</MDI>
      <MDI key="STATISTICS_SKIPFACTORX">1</MDI>
      <MDI key="STATISTICS_SKIPFACTORY">1</MDI>
      <MDI key="STATISTICS_STDDEV">2.341390831429</MDI>
    </Metadata>
  </PAMRasterBand>
</PAMDataset>
