<PAMDataset>
  <PAMRasterBand band="1">
    <Description>Layer_1</Description>
    <Histograms>
      <HistItem>
        <HistMin>17.689640045166</HistMin>
        <HistMax>29.660680770874</HistMax>
        <BucketCount>256</BucketCount>
        <IncludeOutOfRange>1</IncludeOutOfRange>
        <Approximate>0</Approximate>
        <HistCounts>2|0|0|0|1|1|2|0|0|1|0|0|2|0|0|0|1|0|1|0|0|0|1|0|1|1|1|2|0|0|3|1|2|2|2|1|0|2|0|0|2|1|0|1|1|1|3|1|3|4|0|2|2|0|0|1|0|3|2|1|0|1|1|1|1|2|3|2|4|3|5|2|4|4|6|3|6|6|3|9|8|5|3|5|5|8|4|2|4|5|7|7|4|10|9|4|3|7|6|7|6|5|2|3|8|7|4|8|10|5|3|5|13|3|9|6|4|5|6|7|11|11|9|6|6|8|7|13|13|14|10|11|13|8|16|14|9|12|10|10|16|12|17|14|15|22|17|15|23|20|62|31|27|27|38|37|34|38|32|32|30|37|29|36|38|36|37|37|42|36|54|35|36|40|23|19|19|28|11|21|15|11|12|8|12|13|7|10|9|5|13|22|20|44|67|69|43|38|39|25|28|42|32|41|38|36|39|41|44|37|42|67|59|44|36|37|33|45|30|40|35|31|45|39|39|42|37|31|37|36|49|59|60|54|58|55|70|69|65|80|76|96|84|107|109|137|138|134|112|78|74|64|34|13|4|1</HistCounts>
      </HistItem>
    </Histograms>
    <Metadata>
      <MDI key="LAYER_TYPE">athematic</MDI>
      <MDI key="STATISTICS_COVARIANCES">4.889694060265057</MDI>
      <MDI key="STATISTICS_EXCLUDEDVALUES"></MDI>
      <MDI key="STATISTICS_MAXIMUM">29.660680770874</MDI>
      <MDI key="STATISTICS_MEAN">27.018588842574</MDI>
      <MDI key="STATISTICS_MEDIAN">0</MDI>
      <MDI key="STATISTICS_MINIMUM">17.689640045166</MDI>
      <MDI key="STATISTICS_MODE">0</MDI>
      <MDI key="STATISTICS_SKIPFACTORX">1</MDI>
      <MDI key="STATISTICS_SKIPFACTORY">1</MDI>
      <MDI key="STATISTICS_STDDEV">2.2112652623023</MDI>
    </Metadata>
  </PAMRasterBand>
</PAMDataset>
