<PAMDataset>
  <PAMRasterBand band="1">
    <Description>Layer_1</Description>
    <Histograms>
      <HistItem>
        <HistMin>11.3974609375</HistMin>
        <HistMax>29.043779373169</HistMax>
        <BucketCount>256</BucketCount>
        <IncludeOutOfRange>1</IncludeOutOfRange>
        <Approximate>0</Approximate>
        <HistCounts>1|1|0|1|0|2|1|1|0|2|0|0|2|2|0|2|1|2|1|1|3|0|6|0|1|2|0|4|4|4|3|5|2|0|2|2|0|6|5|4|2|3|4|1|2|1|3|4|1|4|5|5|1|5|4|4|3|5|6|4|6|3|4|4|4|4|6|4|4|8|7|4|4|6|3|7|12|7|9|3|16|7|16|12|11|15|13|12|6|19|13|9|9|10|17|21|21|19|21|22|27|24|25|21|21|25|16|15|13|18|24|11|18|19|8|26|15|10|24|16|25|25|19|21|21|24|17|15|21|18|18|18|11|15|12|15|11|19|16|21|14|14|18|14|14|17|10|19|14|19|19|16|22|21|25|19|19|14|19|12|19|16|16|17|13|8|19|21|16|16|19|20|14|20|20|21|23|17|13|20|9|19|12|9|11|2|9|10|3|5|6|4|4|5|11|8|10|10|15|10|26|56|123|202|142|91|86|68|52|52|53|43|38|43|44|36|45|45|37|47|57|60|52|62|51|51|57|55|68|67|80|82|73|70|70|74|71|56|61|62|61|59|55|48|40|42|47|34|27|38|40|27|13|7|4|0</HistCounts>
      </HistItem>
    </Histograms>
    <Metadata>
      <MDI key="LAYER_TYPE">athematic</MDI>
      <MDI key="STATISTICS_COVARIANCES">14.7570177728426</MDI>
      <MDI key="STATISTICS_EXCLUDEDVALUES"></MDI>
      <MDI key="STATISTICS_MAXIMUM">29.043779373169</MDI>
      <MDI key="STATISTICS_MEAN">24.156051572765</MDI>
      <MDI key="STATISTICS_MEDIAN">0</MDI>
      <MDI key="STATISTICS_MINIMUM">11.3974609375</MDI>
      <MDI key="STATISTICS_MODE">0</MDI>
      <MDI key="STATISTICS_SKIPFACTORX">1</MDI>
      <MDI key="STATISTICS_SKIPFACTORY">1</MDI>
      <MDI key="STATISTICS_STDDEV">3.8414864014913</MDI>
    </Metadata>
  </PAMRasterBand>
</PAMDataset>
