<PAMDataset>
  <PAMRasterBand band="1">
    <Description>Layer_1</Description>
    <Histograms>
      <HistItem>
        <HistMin>19.257894515991</HistMin>
        <HistMax>29.34605789184601</HistMax>
        <BucketCount>256</BucketCount>
        <IncludeOutOfRange>1</IncludeOutOfRange>
        <Approximate>0</Approximate>
        <HistCounts>1|0|0|0|0|0|0|0|1|0|0|0|1|0|1|1|0|0|0|0|1|1|0|0|0|0|0|1|0|0|1|0|0|1|1|0|0|2|1|0|1|0|1|0|1|0|2|0|3|0|0|2|1|1|0|1|0|4|2|0|2|0|0|3|2|0|0|1|1|0|2|2|2|0|1|2|1|1|1|1|2|1|2|2|2|2|0|4|0|2|2|1|4|6|1|3|2|2|5|4|3|4|5|3|4|2|8|5|3|5|7|7|5|11|7|12|5|9|8|10|6|10|10|13|4|15|10|6|22|11|21|10|6|7|9|7|12|11|11|11|9|7|14|12|13|11|10|10|15|17|17|16|27|23|33|36|31|38|39|51|32|53|49|44|37|36|48|40|46|42|36|30|29|26|27|31|18|32|28|36|54|41|33|36|24|17|23|24|17|12|13|14|8|18|17|41|46|44|51|57|61|46|38|25|37|31|39|46|49|43|56|59|62|89|107|60|75|78|62|60|51|47|62|46|61|44|52|53|45|52|57|46|63|61|59|75|65|84|63|63|67|54|70|66|114|117|77|61|41|33|43|44|16|22|12|0</HistCounts>
      </HistItem>
    </Histograms>
    <Metadata>
      <MDI key="LAYER_TYPE">athematic</MDI>
      <MDI key="STATISTICS_COVARIANCES">2.549660982069966</MDI>
      <MDI key="STATISTICS_EXCLUDEDVALUES"></MDI>
      <MDI key="STATISTICS_MAXIMUM">29.346057891846</MDI>
      <MDI key="STATISTICS_MEAN">27.165377375622</MDI>
      <MDI key="STATISTICS_MEDIAN">0</MDI>
      <MDI key="STATISTICS_MINIMUM">19.257894515991</MDI>
      <MDI key="STATISTICS_MODE">0</MDI>
      <MDI key="STATISTICS_SKIPFACTORX">1</MDI>
      <MDI key="STATISTICS_SKIPFACTORY">1</MDI>
      <MDI key="STATISTICS_STDDEV">1.5967657881073</MDI>
    </Metadata>
  </PAMRasterBand>
</PAMDataset>
