<PAMDataset>
  <PAMRasterBand band="1">
    <Description>Layer_1</Description>
    <Histograms>
      <HistItem>
        <HistMin>12.580748558044</HistMin>
        <HistMax>29.472045898438</HistMax>
        <BucketCount>256</BucketCount>
        <IncludeOutOfRange>1</IncludeOutOfRange>
        <Approximate>0</Approximate>
        <HistCounts>1|0|0|0|0|0|0|0|0|0|0|0|1|0|0|1|0|0|0|1|0|0|0|0|0|2|0|2|1|1|1|2|1|2|1|1|2|2|5|2|2|3|1|1|2|2|1|3|4|4|5|2|1|3|3|3|2|6|3|4|0|7|0|1|5|1|10|2|3|5|1|4|2|1|2|5|6|2|9|4|2|4|4|8|10|5|7|2|11|8|10|11|15|9|12|14|11|13|12|17|13|9|20|21|17|30|36|26|26|19|24|14|15|20|24|24|8|27|26|29|28|32|24|27|16|20|18|25|19|19|21|28|13|13|21|11|12|18|15|16|10|14|17|17|13|21|17|13|12|22|13|16|22|19|15|10|14|19|17|20|31|19|23|18|15|27|18|19|24|23|24|29|28|25|21|25|13|22|14|11|13|15|11|14|7|15|12|10|8|9|7|14|16|9|15|16|15|34|83|120|82|50|43|48|34|61|53|51|72|57|49|45|43|44|45|42|34|42|42|85|53|42|53|57|52|53|64|60|67|80|83|114|79|105|90|83|67|37|47|40|38|35|37|47|49|38|38|44|46|51|41|49|37|19|12|0</HistCounts>
      </HistItem>
    </Histograms>
    <Metadata>
      <MDI key="LAYER_TYPE">athematic</MDI>
      <MDI key="STATISTICS_COVARIANCES">11.65134352393149</MDI>
      <MDI key="STATISTICS_EXCLUDEDVALUES"></MDI>
      <MDI key="STATISTICS_MAXIMUM">29.472045898438</MDI>
      <MDI key="STATISTICS_MEAN">25.043838189341</MDI>
      <MDI key="STATISTICS_MEDIAN">0</MDI>
      <MDI key="STATISTICS_MINIMUM">12.580748558044</MDI>
      <MDI key="STATISTICS_MODE">0</MDI>
      <MDI key="STATISTICS_SKIPFACTORX">1</MDI>
      <MDI key="STATISTICS_SKIPFACTORY">1</MDI>
      <MDI key="STATISTICS_STDDEV">3.4134064398972</MDI>
    </Metadata>
  </PAMRasterBand>
</PAMDataset>
