<PAMDataset>
  <PAMRasterBand band="1">
    <Description>Layer_1</Description>
    <Histograms>
      <HistItem>
        <HistMin>9.3183698654175</HistMin>
        <HistMax>28.266401290894</HistMax>
        <BucketCount>256</BucketCount>
        <IncludeOutOfRange>1</IncludeOutOfRange>
        <Approximate>0</Approximate>
        <HistCounts>1|0|1|0|1|0|2|0|0|2|1|1|2|0|4|1|0|2|4|1|1|3|2|1|4|3|4|6|6|2|1|2|3|1|6|4|5|4|5|3|4|5|3|4|2|7|1|2|9|6|0|4|0|7|4|3|7|8|6|6|3|6|8|2|6|5|5|8|10|12|7|7|5|11|6|7|13|8|9|11|9|7|13|10|9|13|12|11|10|24|14|11|13|19|12|10|12|16|19|6|16|14|14|16|16|19|22|23|19|18|19|30|26|26|22|18|34|30|38|29|30|38|39|42|43|32|30|41|38|26|17|18|19|14|23|17|18|17|10|23|18|9|16|12|16|7|21|8|6|8|10|8|12|14|13|8|4|16|8|4|7|13|11|10|9|9|7|9|10|5|6|15|4|7|7|6|6|9|7|9|10|4|8|8|6|8|6|3|4|4|6|4|10|5|5|5|3|5|4|5|6|9|5|3|7|8|7|9|10|10|15|18|24|24|41|69|58|97|182|141|137|151|121|105|99|92|96|90|86|91|111|101|120|123|105|93|105|92|74|71|93|70|62|36|26|27|20|19|13|8|9|7|9|12|11|0</HistCounts>
      </HistItem>
    </Histograms>
    <Metadata>
      <MDI key="LAYER_TYPE">athematic</MDI>
      <MDI key="STATISTICS_COVARIANCES">19.72454513703581</MDI>
      <MDI key="STATISTICS_EXCLUDEDVALUES"></MDI>
      <MDI key="STATISTICS_MAXIMUM">28.266401290894</MDI>
      <MDI key="STATISTICS_MEAN">23.059941070578</MDI>
      <MDI key="STATISTICS_MEDIAN">0</MDI>
      <MDI key="STATISTICS_MINIMUM">9.3183698654175</MDI>
      <MDI key="STATISTICS_MODE">0</MDI>
      <MDI key="STATISTICS_SKIPFACTORX">1</MDI>
      <MDI key="STATISTICS_SKIPFACTORY">1</MDI>
      <MDI key="STATISTICS_STDDEV">4.4412323894428</MDI>
    </Metadata>
  </PAMRasterBand>
</PAMDataset>
