<PAMDataset>
  <PAMRasterBand band="1">
    <Description>Layer_1</Description>
    <Histograms>
      <HistItem>
        <HistMin>18.514617919922</HistMin>
        <HistMax>29.449619293213</HistMax>
        <BucketCount>256</BucketCount>
        <IncludeOutOfRange>1</IncludeOutOfRange>
        <Approximate>0</Approximate>
        <HistCounts>1|0|0|0|0|0|0|0|0|0|1|0|0|0|0|0|0|1|2|0|1|0|0|0|0|0|1|0|1|0|1|1|2|1|1|4|2|2|1|1|2|1|1|1|1|1|2|3|0|2|1|2|2|1|0|1|2|2|1|2|0|1|3|3|3|1|1|1|3|1|1|3|2|2|3|1|2|2|1|1|1|1|1|5|4|2|4|5|3|5|6|7|13|5|3|11|5|11|8|10|3|10|14|7|11|5|7|9|9|10|8|8|10|8|9|8|16|12|20|17|8|19|17|12|10|17|19|15|27|16|21|27|29|28|28|19|19|22|23|25|22|36|34|24|14|18|24|14|21|28|17|22|20|25|14|20|17|15|20|20|22|24|15|22|16|23|20|20|28|18|29|37|43|49|26|36|35|35|27|34|35|50|44|38|40|28|27|36|25|32|24|34|36|34|57|81|54|40|46|31|35|36|41|33|34|37|39|42|44|51|37|34|38|34|35|37|35|38|45|38|59|46|36|45|35|37|37|42|44|45|50|74|80|81|102|110|121|120|139|146|105|96|74|49|38|16|17|16|16|13|15|10|11|12|10|0</HistCounts>
      </HistItem>
    </Histograms>
    <Metadata>
      <MDI key="LAYER_TYPE">athematic</MDI>
      <MDI key="STATISTICS_COVARIANCES">3.74762605415912</MDI>
      <MDI key="STATISTICS_EXCLUDEDVALUES"></MDI>
      <MDI key="STATISTICS_MAXIMUM">29.449619293213</MDI>
      <MDI key="STATISTICS_MEAN">26.779229097538</MDI>
      <MDI key="STATISTICS_MEDIAN">0</MDI>
      <MDI key="STATISTICS_MINIMUM">18.514617919922</MDI>
      <MDI key="STATISTICS_MODE">0</MDI>
      <MDI key="STATISTICS_SKIPFACTORX">1</MDI>
      <MDI key="STATISTICS_SKIPFACTORY">1</MDI>
      <MDI key="STATISTICS_STDDEV">1.9358786258852</MDI>
    </Metadata>
  </PAMRasterBand>
</PAMDataset>
