<PAMDataset>
  <PAMRasterBand band="1">
    <Description>Layer_1</Description>
    <Histograms>
      <HistItem>
        <HistMin>15.342224121094</HistMin>
        <HistMax>29.330358505249</HistMax>
        <BucketCount>256</BucketCount>
        <IncludeOutOfRange>1</IncludeOutOfRange>
        <Approximate>0</Approximate>
        <HistCounts>1|0|0|1|0|3|1|0|1|1|1|2|0|1|2|5|2|1|2|2|0|1|1|4|4|4|1|2|0|2|1|2|0|0|1|2|2|0|0|3|4|2|3|2|1|0|2|3|2|3|2|0|1|3|0|3|3|6|4|2|0|4|3|3|2|3|2|1|3|2|6|4|2|2|2|2|4|5|5|6|5|2|2|5|6|5|7|7|14|7|11|11|9|13|12|13|12|14|19|15|18|16|16|30|30|40|27|34|39|37|39|30|32|18|22|19|14|24|14|21|16|23|22|19|12|18|20|23|14|18|15|19|10|15|9|11|16|14|20|20|18|15|24|22|18|13|18|23|12|23|23|25|22|27|24|23|21|24|21|25|18|21|17|17|17|9|14|12|12|9|8|7|8|11|6|8|10|2|7|8|6|11|5|7|11|6|8|9|5|8|12|15|21|44|96|77|84|54|41|51|52|35|59|45|51|33|58|47|45|52|46|39|51|56|50|46|43|37|41|36|30|35|33|42|39|32|30|43|40|36|42|55|46|58|44|40|46|45|64|99|73|57|52|51|52|45|51|49|95|105|114|135|82|58|25|1</HistCounts>
      </HistItem>
    </Histograms>
    <Metadata>
      <MDI key="LAYER_TYPE">athematic</MDI>
      <MDI key="STATISTICS_COVARIANCES">9.140468080963162</MDI>
      <MDI key="STATISTICS_EXCLUDEDVALUES"></MDI>
      <MDI key="STATISTICS_MAXIMUM">29.330358505249</MDI>
      <MDI key="STATISTICS_MEAN">25.696730232058</MDI>
      <MDI key="STATISTICS_MEDIAN">0</MDI>
      <MDI key="STATISTICS_MINIMUM">15.342224121094</MDI>
      <MDI key="STATISTICS_MODE">0</MDI>
      <MDI key="STATISTICS_SKIPFACTORX">1</MDI>
      <MDI key="STATISTICS_SKIPFACTORY">1</MDI>
      <MDI key="STATISTICS_STDDEV">3.0233207042858</MDI>
    </Metadata>
  </PAMRasterBand>
</PAMDataset>
