<PAMDataset>
  <PAMRasterBand band="1">
    <Description>Layer_1</Description>
    <Histograms>
      <HistItem>
        <HistMin>15.259875297546</HistMin>
        <HistMax>29.594165802002</HistMax>
        <BucketCount>256</BucketCount>
        <IncludeOutOfRange>1</IncludeOutOfRange>
        <Approximate>0</Approximate>
        <HistCounts>1|0|0|0|0|0|0|0|0|0|0|0|0|0|1|0|0|0|3|0|2|0|1|0|1|2|1|0|3|1|0|1|3|0|1|0|2|1|3|1|2|0|2|0|2|0|1|3|1|0|2|1|0|1|3|3|3|2|1|1|2|0|2|1|4|3|0|3|2|2|2|2|2|2|7|3|5|3|4|2|1|2|7|1|4|4|3|1|6|5|6|7|4|6|1|7|4|6|7|4|7|8|7|6|8|9|11|10|8|19|15|19|12|14|16|16|8|14|10|10|12|17|10|24|29|24|18|16|14|14|15|8|13|14|16|23|12|14|12|13|15|17|26|19|12|24|6|13|10|9|26|22|12|20|22|19|24|15|25|22|22|19|26|22|28|32|38|23|37|31|33|31|30|31|41|37|28|28|30|31|22|24|36|28|26|23|22|16|19|19|12|14|14|11|13|18|11|10|10|11|11|15|15|19|52|62|99|77|75|73|54|64|67|81|71|87|95|64|44|36|37|39|27|37|34|32|29|30|29|26|28|39|30|39|52|74|61|63|58|72|68|75|92|67|87|87|90|98|150|134|85|85|56|46|15|0</HistCounts>
      </HistItem>
    </Histograms>
    <Metadata>
      <MDI key="LAYER_TYPE">athematic</MDI>
      <MDI key="STATISTICS_COVARIANCES">7.163845825175784</MDI>
      <MDI key="STATISTICS_EXCLUDEDVALUES"></MDI>
      <MDI key="STATISTICS_MAXIMUM">29.594165802002</MDI>
      <MDI key="STATISTICS_MEAN">26.400879727114</MDI>
      <MDI key="STATISTICS_MEDIAN">0</MDI>
      <MDI key="STATISTICS_MINIMUM">15.259875297546</MDI>
      <MDI key="STATISTICS_MODE">0</MDI>
      <MDI key="STATISTICS_SKIPFACTORX">1</MDI>
      <MDI key="STATISTICS_SKIPFACTORY">1</MDI>
      <MDI key="STATISTICS_STDDEV">2.6765361617538</MDI>
    </Metadata>
  </PAMRasterBand>
</PAMDataset>
