<PAMDataset>
  <PAMRasterBand band="1">
    <Description>Layer_1</Description>
    <Histograms>
      <HistItem>
        <HistMin>9.1776342391968</HistMin>
        <HistMax>28.455352783203</HistMax>
        <BucketCount>256</BucketCount>
        <IncludeOutOfRange>1</IncludeOutOfRange>
        <Approximate>0</Approximate>
        <HistCounts>1|0|0|0|1|0|0|2|1|1|0|2|2|2|2|2|1|7|3|8|2|3|3|4|1|2|2|5|7|3|0|4|4|2|2|3|5|6|3|1|2|2|3|2|3|6|6|5|3|4|1|3|6|0|5|1|6|2|6|3|6|3|5|9|2|4|4|7|3|5|5|5|9|10|9|6|7|7|16|10|7|10|16|10|9|9|11|11|11|8|10|17|7|8|11|16|12|14|15|14|13|16|10|12|17|16|11|13|11|20|23|15|12|21|27|34|22|22|23|20|26|22|23|34|17|27|38|35|37|32|31|29|32|39|33|32|25|22|25|20|26|19|14|16|20|18|11|13|9|8|9|6|14|5|9|11|16|11|7|6|10|10|6|13|10|12|12|11|12|9|12|6|5|9|7|2|8|10|11|5|9|8|7|7|9|5|5|9|10|7|6|2|5|9|9|5|4|4|6|12|4|4|8|10|9|13|9|13|16|12|45|54|47|95|129|128|104|96|114|102|90|91|88|115|94|76|91|79|85|121|116|123|141|126|104|82|74|68|69|81|64|36|29|28|24|32|14|12|15|13|15|9|17|11|12|1</HistCounts>
      </HistItem>
    </Histograms>
    <Metadata>
      <MDI key="LAYER_TYPE">athematic</MDI>
      <MDI key="STATISTICS_COVARIANCES">19.06151121002782</MDI>
      <MDI key="STATISTICS_EXCLUDEDVALUES"></MDI>
      <MDI key="STATISTICS_MAXIMUM">28.455352783203</MDI>
      <MDI key="STATISTICS_MEAN">23.23961689497</MDI>
      <MDI key="STATISTICS_MEDIAN">0</MDI>
      <MDI key="STATISTICS_MINIMUM">9.1776342391968</MDI>
      <MDI key="STATISTICS_MODE">0</MDI>
      <MDI key="STATISTICS_SKIPFACTORX">1</MDI>
      <MDI key="STATISTICS_SKIPFACTORY">1</MDI>
      <MDI key="STATISTICS_STDDEV">4.3659490617766</MDI>
    </Metadata>
  </PAMRasterBand>
</PAMDataset>
