<PAMDataset>
  <PAMRasterBand band="1">
    <Description>Layer_1</Description>
    <Histograms>
      <HistItem>
        <HistMin>19.083681106567</HistMin>
        <HistMax>29.608125686646</HistMax>
        <BucketCount>256</BucketCount>
        <IncludeOutOfRange>1</IncludeOutOfRange>
        <Approximate>0</Approximate>
        <HistCounts>1|0|0|0|0|0|0|0|1|1|0|0|0|1|0|0|2|0|0|1|0|0|0|1|0|1|2|0|2|1|0|0|3|1|0|0|0|0|0|2|2|2|0|1|0|0|2|0|3|2|2|2|1|2|1|2|1|1|2|2|0|2|2|4|3|1|3|3|0|2|1|4|6|2|3|6|5|4|6|4|5|9|4|7|5|6|9|7|7|16|13|13|9|11|13|12|11|15|14|9|16|7|18|13|11|9|9|15|15|9|13|16|15|13|18|28|25|27|24|23|23|19|14|20|17|14|24|13|16|13|23|12|18|13|21|14|22|14|19|15|17|23|16|14|23|18|16|20|22|9|13|20|21|19|18|21|25|29|34|29|36|33|33|29|43|35|40|33|38|28|34|25|26|13|19|18|14|15|12|9|8|7|15|12|12|11|8|8|15|15|7|15|12|13|7|21|17|19|101|113|91|123|120|90|68|83|71|70|81|89|116|102|77|101|91|102|102|90|96|99|83|88|76|74|75|66|62|63|33|27|23|24|18|16|21|14|20|10|21|15|7|27|23|14|27|12|30|17|12|21|11|9|5|17|14|0</HistCounts>
      </HistItem>
    </Histograms>
    <Metadata>
      <MDI key="LAYER_TYPE">athematic</MDI>
      <MDI key="STATISTICS_COVARIANCES">3.439605349516897</MDI>
      <MDI key="STATISTICS_EXCLUDEDVALUES"></MDI>
      <MDI key="STATISTICS_MAXIMUM">29.608125686646</MDI>
      <MDI key="STATISTICS_MEAN">26.73920494953</MDI>
      <MDI key="STATISTICS_MEDIAN">0</MDI>
      <MDI key="STATISTICS_MINIMUM">19.083681106567</MDI>
      <MDI key="STATISTICS_MODE">0</MDI>
      <MDI key="STATISTICS_SKIPFACTORX">1</MDI>
      <MDI key="STATISTICS_SKIPFACTORY">1</MDI>
      <MDI key="STATISTICS_STDDEV">1.8546173054075</MDI>
    </Metadata>
  </PAMRasterBand>
</PAMDataset>
