<PAMDataset>
  <PAMRasterBand band="1">
    <Description>Layer_1</Description>
    <Histograms>
      <HistItem>
        <HistMin>18.850200653076</HistMin>
        <HistMax>29.796390533447</HistMax>
        <BucketCount>256</BucketCount>
        <IncludeOutOfRange>1</IncludeOutOfRange>
        <Approximate>0</Approximate>
        <HistCounts>1|0|0|0|0|0|0|0|1|0|0|0|1|0|1|0|0|2|0|0|0|0|1|1|0|2|0|2|1|0|0|0|1|1|1|1|0|0|0|0|0|2|2|1|0|1|0|1|5|0|4|0|2|1|2|0|3|0|3|0|4|0|2|2|2|3|2|3|4|2|2|3|5|4|2|2|3|3|6|4|6|2|8|4|5|5|8|13|10|11|7|7|7|4|6|5|7|9|1|7|9|6|8|5|11|9|13|6|14|13|10|17|14|12|15|18|9|14|15|22|23|23|20|23|21|23|23|32|18|31|28|25|28|16|25|24|25|23|34|25|36|36|35|37|44|31|38|43|41|35|32|39|52|48|45|40|48|42|35|33|18|15|16|20|26|14|16|12|19|12|14|19|6|12|10|11|11|8|6|10|5|9|8|11|10|5|4|11|26|29|43|32|47|64|85|72|84|65|62|51|59|80|75|54|66|73|61|85|62|71|66|73|88|79|88|102|107|101|100|108|100|61|67|68|59|28|31|24|28|30|20|16|20|14|20|18|20|17|20|14|12|26|11|21|27|21|25|32|15|9|15|9|7|11|18|1</HistCounts>
      </HistItem>
    </Histograms>
    <Metadata>
      <MDI key="LAYER_TYPE">athematic</MDI>
      <MDI key="STATISTICS_COVARIANCES">3.527416357356366</MDI>
      <MDI key="STATISTICS_EXCLUDEDVALUES"></MDI>
      <MDI key="STATISTICS_MAXIMUM">29.796390533447</MDI>
      <MDI key="STATISTICS_MEAN">26.711790219454</MDI>
      <MDI key="STATISTICS_MEDIAN">0</MDI>
      <MDI key="STATISTICS_MINIMUM">18.850200653076</MDI>
      <MDI key="STATISTICS_MODE">0</MDI>
      <MDI key="STATISTICS_SKIPFACTORX">1</MDI>
      <MDI key="STATISTICS_SKIPFACTORY">1</MDI>
      <MDI key="STATISTICS_STDDEV">1.8781417298373</MDI>
    </Metadata>
  </PAMRasterBand>
</PAMDataset>
