<PAMDataset>
  <PAMRasterBand band="1">
    <Description>Layer_1</Description>
    <Histograms>
      <HistItem>
        <HistMin>18.493814468384</HistMin>
        <HistMax>29.514122009277</HistMax>
        <BucketCount>256</BucketCount>
        <IncludeOutOfRange>1</IncludeOutOfRange>
        <Approximate>0</Approximate>
        <HistCounts>1|0|0|0|0|0|0|0|0|0|0|0|1|0|0|0|0|0|0|1|3|3|1|2|2|1|0|0|1|2|2|1|2|2|1|1|2|0|2|1|0|0|2|1|1|2|2|2|1|1|1|2|1|1|2|3|0|1|1|2|1|3|2|2|3|1|2|3|2|3|1|0|2|2|2|0|4|2|3|3|4|5|6|4|3|2|3|1|4|5|8|4|6|6|6|5|6|11|11|12|12|11|10|11|11|9|10|7|7|8|16|12|14|8|11|14|18|12|8|20|13|12|8|14|11|17|17|18|17|11|12|12|15|21|22|31|36|42|31|28|28|31|15|19|20|20|19|16|11|15|21|24|21|25|15|32|23|15|27|20|19|26|26|17|33|23|30|30|24|37|27|26|31|25|35|21|27|23|22|24|18|19|25|22|30|53|66|45|40|34|41|22|33|23|47|55|73|53|37|40|35|39|22|45|33|39|50|45|48|48|37|38|32|43|27|34|32|40|30|31|42|41|45|46|39|49|44|54|51|67|76|65|69|91|111|90|125|89|84|85|98|103|55|54|60|64|56|25|26|21|19|13|7|16|9|1</HistCounts>
      </HistItem>
    </Histograms>
    <Metadata>
      <MDI key="LAYER_TYPE">athematic</MDI>
      <MDI key="STATISTICS_COVARIANCES">3.989376004837646</MDI>
      <MDI key="STATISTICS_EXCLUDEDVALUES"></MDI>
      <MDI key="STATISTICS_MAXIMUM">29.514122009277</MDI>
      <MDI key="STATISTICS_MEAN">26.821995306241</MDI>
      <MDI key="STATISTICS_MEDIAN">0</MDI>
      <MDI key="STATISTICS_MINIMUM">18.493814468384</MDI>
      <MDI key="STATISTICS_MODE">0</MDI>
      <MDI key="STATISTICS_SKIPFACTORX">1</MDI>
      <MDI key="STATISTICS_SKIPFACTORY">1</MDI>
      <MDI key="STATISTICS_STDDEV">1.9973422352811</MDI>
    </Metadata>
  </PAMRasterBand>
</PAMDataset>
