<PAMDataset>
  <PAMRasterBand band="1">
    <Description>Layer_1</Description>
    <Histograms>
      <HistItem>
        <HistMin>9.3314666748047</HistMin>
        <HistMax>28.344543457031</HistMax>
        <BucketCount>256</BucketCount>
        <IncludeOutOfRange>1</IncludeOutOfRange>
        <Approximate>0</Approximate>
        <HistCounts>1|0|0|0|0|1|0|2|0|1|0|2|2|2|1|2|3|5|5|5|3|7|2|4|1|4|5|4|3|2|1|4|3|3|7|3|2|2|2|0|2|2|3|6|6|6|4|2|3|2|1|3|5|4|2|8|2|3|5|4|3|2|4|8|5|0|6|3|2|13|9|7|5|7|9|8|9|8|15|9|10|10|12|12|14|5|14|14|8|13|15|8|19|11|11|15|13|8|14|13|14|14|11|16|13|13|18|21|14|9|16|21|19|20|19|22|36|27|32|37|39|27|26|43|42|45|33|44|26|34|43|40|24|23|21|19|19|26|15|11|10|12|17|13|7|9|7|9|10|11|9|20|15|11|16|6|11|10|9|12|7|7|9|6|12|11|7|7|5|10|8|5|10|7|4|9|6|9|5|7|8|11|8|6|6|7|8|6|10|14|7|7|3|6|11|6|6|5|5|6|8|9|8|5|7|11|8|9|13|24|38|48|56|117|182|105|87|103|80|94|70|80|93|65|78|74|82|92|90|110|109|114|124|115|106|92|95|87|72|75|63|45|47|37|29|25|31|20|25|12|12|11|16|11|14|1</HistCounts>
      </HistItem>
    </Histograms>
    <Metadata>
      <MDI key="LAYER_TYPE">athematic</MDI>
      <MDI key="STATISTICS_COVARIANCES">19.06380948551453</MDI>
      <MDI key="STATISTICS_EXCLUDEDVALUES"></MDI>
      <MDI key="STATISTICS_MAXIMUM">28.344543457031</MDI>
      <MDI key="STATISTICS_MEAN">23.152745829377</MDI>
      <MDI key="STATISTICS_MEDIAN">0</MDI>
      <MDI key="STATISTICS_MINIMUM">9.3314666748047</MDI>
      <MDI key="STATISTICS_MODE">0</MDI>
      <MDI key="STATISTICS_SKIPFACTORX">1</MDI>
      <MDI key="STATISTICS_SKIPFACTORY">1</MDI>
      <MDI key="STATISTICS_STDDEV">4.3662122584128</MDI>
    </Metadata>
  </PAMRasterBand>
</PAMDataset>
