<PAMDataset>
  <PAMRasterBand band="1">
    <Description>Layer_1</Description>
    <Histograms>
      <HistItem>
        <HistMin>17.789600372314</HistMin>
        <HistMax>29.701225280762</HistMax>
        <BucketCount>256</BucketCount>
        <IncludeOutOfRange>1</IncludeOutOfRange>
        <Approximate>0</Approximate>
        <HistCounts>1|0|0|0|0|0|0|0|0|2|0|0|0|0|1|0|0|0|0|1|2|1|1|1|0|1|0|1|0|0|0|2|1|1|1|0|1|1|0|0|1|2|1|0|1|1|1|1|0|0|1|1|1|1|4|0|0|4|2|0|1|2|3|1|4|3|1|1|2|1|2|1|3|1|2|3|5|0|3|1|5|1|6|4|5|1|6|4|7|3|2|5|10|3|2|4|8|11|9|9|8|5|9|7|11|4|5|6|5|7|10|9|6|8|8|9|7|11|8|12|15|15|13|15|11|24|17|16|21|14|34|28|17|21|37|21|40|28|25|37|26|33|33|34|23|42|35|36|47|40|54|57|53|43|41|42|46|31|39|30|33|33|41|44|44|34|20|16|15|12|20|10|13|12|11|3|14|8|7|9|7|9|5|10|10|5|8|7|6|12|14|19|39|54|54|65|59|66|73|94|89|101|84|75|68|54|46|59|53|70|70|76|85|82|69|79|85|91|66|82|73|72|73|76|76|78|67|52|44|36|25|18|25|28|21|24|21|22|14|24|19|14|30|21|22|25|17|27|25|30|27|12|26|30|17|0</HistCounts>
      </HistItem>
    </Histograms>
    <Metadata>
      <MDI key="LAYER_TYPE">athematic</MDI>
      <MDI key="STATISTICS_COVARIANCES">3.943935963759932</MDI>
      <MDI key="STATISTICS_EXCLUDEDVALUES"></MDI>
      <MDI key="STATISTICS_MAXIMUM">29.701225280762</MDI>
      <MDI key="STATISTICS_MEAN">26.528689240642</MDI>
      <MDI key="STATISTICS_MEDIAN">0</MDI>
      <MDI key="STATISTICS_MINIMUM">17.789600372314</MDI>
      <MDI key="STATISTICS_MODE">0</MDI>
      <MDI key="STATISTICS_SKIPFACTORX">1</MDI>
      <MDI key="STATISTICS_SKIPFACTORY">1</MDI>
      <MDI key="STATISTICS_STDDEV">1.9859345315896</MDI>
    </Metadata>
  </PAMRasterBand>
</PAMDataset>
