<PAMDataset>
  <PAMRasterBand band="1">
    <Description>Layer_1</Description>
    <Histograms>
      <HistItem>
        <HistMin>17.835510253906</HistMin>
        <HistMax>29.539590835571</HistMax>
        <BucketCount>256</BucketCount>
        <IncludeOutOfRange>1</IncludeOutOfRange>
        <Approximate>0</Approximate>
        <HistCounts>1|0|1|1|0|0|1|0|0|0|1|0|1|0|0|0|1|0|0|0|0|0|1|1|1|0|1|1|0|1|0|1|1|0|0|1|1|0|1|1|0|3|0|0|1|0|0|1|0|0|2|2|1|1|1|0|1|2|0|1|0|2|4|1|2|0|3|2|1|1|0|2|1|2|2|2|2|0|0|1|3|1|0|5|1|2|5|1|4|1|5|5|4|4|6|8|7|4|4|8|3|8|4|9|4|7|11|2|8|3|6|6|6|6|8|11|11|10|4|3|5|11|10|9|5|12|7|10|9|12|9|9|12|12|17|13|12|11|11|10|11|14|10|13|20|17|20|20|16|14|24|15|16|27|35|33|33|43|49|40|53|46|37|29|35|29|36|35|31|45|41|36|36|29|29|29|22|33|20|29|27|21|14|20|24|20|23|21|13|14|16|10|10|12|14|11|16|17|20|47|69|67|47|50|51|37|47|37|43|43|43|70|44|45|44|39|38|46|36|43|34|32|39|26|43|33|35|48|44|37|58|77|59|65|63|69|71|64|65|61|82|93|105|99|106|139|153|114|106|108|68|41|42|48|21|1</HistCounts>
      </HistItem>
    </Histograms>
    <Metadata>
      <MDI key="LAYER_TYPE">athematic</MDI>
      <MDI key="STATISTICS_COVARIANCES">4.063719733335755</MDI>
      <MDI key="STATISTICS_EXCLUDEDVALUES"></MDI>
      <MDI key="STATISTICS_MAXIMUM">29.539590835571</MDI>
      <MDI key="STATISTICS_MEAN">27.116980058784</MDI>
      <MDI key="STATISTICS_MEDIAN">0</MDI>
      <MDI key="STATISTICS_MINIMUM">17.835510253906</MDI>
      <MDI key="STATISTICS_MODE">0</MDI>
      <MDI key="STATISTICS_SKIPFACTORX">1</MDI>
      <MDI key="STATISTICS_SKIPFACTORY">1</MDI>
      <MDI key="STATISTICS_STDDEV">2.0158669929675</MDI>
    </Metadata>
  </PAMRasterBand>
</PAMDataset>
