<PAMDataset>
  <PAMRasterBand band="1">
    <Description>Layer_1</Description>
    <Histograms>
      <HistItem>
        <HistMin>10.066796302795</HistMin>
        <HistMax>28.50830078125</HistMax>
        <BucketCount>256</BucketCount>
        <IncludeOutOfRange>1</IncludeOutOfRange>
        <Approximate>0</Approximate>
        <HistCounts>1|0|0|2|0|0|2|4|0|0|2|2|2|4|3|1|3|6|4|1|2|5|1|9|4|2|3|5|4|2|0|5|2|3|4|6|5|1|2|2|2|5|2|2|2|4|4|3|3|7|3|0|3|2|2|3|5|3|2|3|7|2|1|7|6|5|7|2|4|1|2|4|8|3|8|3|4|9|10|9|5|9|9|4|9|6|8|7|13|7|5|12|10|12|7|7|10|15|9|14|10|13|13|22|13|15|21|12|21|17|16|14|20|19|15|24|22|23|27|21|28|17|14|23|24|20|24|27|29|21|28|27|24|14|23|18|20|17|15|13|25|19|10|18|12|7|10|14|16|16|18|8|18|17|13|11|11|13|15|13|18|14|10|18|16|16|17|14|5|15|18|18|16|14|17|6|14|7|9|5|10|10|15|13|7|7|8|14|9|13|6|11|11|7|14|9|10|9|13|9|10|13|13|9|16|11|9|10|10|9|14|13|26|26|41|47|54|60|65|155|183|142|102|89|66|60|47|51|60|57|74|98|122|79|72|74|81|78|78|74|75|84|83|87|90|87|90|91|70|56|63|52|28|32|14|1</HistCounts>
      </HistItem>
    </Histograms>
    <Metadata>
      <MDI key="LAYER_TYPE">athematic</MDI>
      <MDI key="STATISTICS_COVARIANCES">17.7088947468372</MDI>
      <MDI key="STATISTICS_EXCLUDEDVALUES"></MDI>
      <MDI key="STATISTICS_MAXIMUM">28.50830078125</MDI>
      <MDI key="STATISTICS_MEAN">23.957535949967</MDI>
      <MDI key="STATISTICS_MEDIAN">0</MDI>
      <MDI key="STATISTICS_MINIMUM">10.066796302795</MDI>
      <MDI key="STATISTICS_MODE">0</MDI>
      <MDI key="STATISTICS_SKIPFACTORX">1</MDI>
      <MDI key="STATISTICS_SKIPFACTORY">1</MDI>
      <MDI key="STATISTICS_STDDEV">4.2081937629863</MDI>
    </Metadata>
  </PAMRasterBand>
</PAMDataset>
