<PAMDataset>
  <PAMRasterBand band="1">
    <Description>Layer_1</Description>
    <Histograms>
      <HistItem>
        <HistMin>246</HistMin>
        <HistMax>543</HistMax>
        <BucketCount>256</BucketCount>
        <IncludeOutOfRange>1</IncludeOutOfRange>
        <Approximate>0</Approximate>
        <HistCounts>5|0|0|0|3|2|2|0|0|0|0|0|0|0|0|0|0|0|0|0|0|0|0|0|0|0|0|0|0|0|0|0|0|0|0|0|0|0|0|0|0|0|0|0|0|0|0|0|0|0|0|0|0|0|0|0|0|0|0|0|0|0|0|0|0|0|0|0|0|0|0|0|0|0|0|0|0|0|0|0|0|0|0|0|0|0|0|0|0|0|0|0|0|0|0|0|0|0|0|0|0|0|0|0|0|0|0|0|0|0|0|0|0|0|0|0|0|0|0|0|0|0|0|0|0|0|0|0|0|0|0|0|0|0|0|0|0|0|0|0|0|0|0|0|0|0|0|0|0|0|0|0|0|0|0|0|0|0|0|0|0|0|0|1|5|2|18|8|0|27|2|2|1|1|12|4|11|3|1|5|1|2|36|1|5|4|14|2|10|3|4|0|0|2|1|1|2|4|1|0|13|4|0|0|1|1|3|1|0|5|2|0|13|3|4|0|3|1|2|1|0|0|13|0|5|0|8|3|1|3|5|1|1|1|0|0|2|8|1|1|1|1|1|1|2|0|1|2|1|2|24|7|4|1|1|4</HistCounts>
      </HistItem>
      <HistItem>
        <HistMin>245.501677852349</HistMin>
        <HistMax>543.498322147651</HistMax>
        <BucketCount>298</BucketCount>
        <IncludeOutOfRange>0</IncludeOutOfRange>
        <Approximate>0</Approximate>
        <HistCounts>2|3|0|0|0|3|2|2|0|0|0|0|0|0|0|0|0|0|0|0|0|0|0|0|0|0|0|0|0|0|0|0|0|0|0|0|0|0|0|0|0|0|0|0|0|0|0|0|0|0|0|0|0|0|0|0|0|0|0|0|0|0|0|0|0|0|0|0|0|0|0|0|0|0|0|0|0|0|0|0|0|0|0|0|0|0|0|0|0|0|0|0|0|0|0|0|0|0|0|0|0|0|0|0|0|0|0|0|0|0|0|0|0|0|0|0|0|0|0|0|0|0|0|0|0|0|0|0|0|0|0|0|0|0|0|0|0|0|0|0|0|0|0|0|0|0|0|0|0|0|0|0|0|0|0|0|0|0|0|0|0|0|0|0|0|0|0|0|0|0|0|0|0|0|0|0|0|0|0|0|0|0|0|0|0|0|0|0|0|0|0|1|5|2|18|8|0|27|2|0|2|1|1|12|4|9|2|3|1|5|1|2|2|34|1|5|4|14|2|3|7|3|4|0|0|2|0|1|1|2|4|1|0|9|4|4|0|0|1|1|2|1|1|0|5|2|0|1|12|3|4|0|3|1|1|1|1|0|0|13|0|5|0|0|8|3|1|3|1|4|1|1|1|0|0|1|1|8|1|1|1|1|0|1|1|2|0|1|2|0|1|2|24|7|4|1|1|4</HistCounts>
      </HistItem>
    </Histograms>
    <Metadata domain="IMAGE_STRUCTURE">
      <MDI key="COMPRESSION">RLE</MDI>
    </Metadata>
    <Metadata>
      <MDI key="LAYER_TYPE">athematic</MDI>
      <MDI key="STATISTICS_MAXIMUM">543</MDI>
      <MDI key="STATISTICS_MEAN">472.85175202156</MDI>
      <MDI key="STATISTICS_MINIMUM">246</MDI>
      <MDI key="STATISTICS_SKIPFACTORX">1</MDI>
      <MDI key="STATISTICS_SKIPFACTORY">1</MDI>
      <MDI key="STATISTICS_STDDEV">52.387084228514</MDI>
    </Metadata>
  </PAMRasterBand>
</PAMDataset>
