<PAMDataset>
  <PAMRasterBand band="1">
    <Description>Layer_1</Description>
    <Histograms>
      <HistItem>
        <HistMin>129.76837158203</HistMin>
        <HistMax>2163.470703125</HistMax>
        <BucketCount>256</BucketCount>
        <IncludeOutOfRange>1</IncludeOutOfRange>
        <Approximate>0</Approximate>
        <HistCounts>10|17|26|25|57|122|225|215|245|207|176|190|222|245|251|212|172|118|50|35|18|16|7|13|13|6|7|8|10|7|7|11|16|11|14|11|24|11|12|13|10|8|12|7|8|15|10|7|3|11|11|9|12|12|16|21|21|29|17|23|21|18|25|19|25|23|27|32|36|33|21|28|25|26|25|22|20|25|29|26|20|16|24|16|16|21|22|15|15|20|22|19|16|21|19|18|14|23|17|17|25|24|19|28|14|24|26|14|25|23|29|21|24|22|16|16|17|22|41|23|21|24|23|18|24|18|26|31|18|19|21|11|21|10|12|12|8|8|17|9|12|10|20|13|12|6|11|11|10|13|1|6|5|5|4|1|6|5|4|4|3|6|3|5|6|4|2|3|3|0|2|2|1|4|5|4|4|1|2|3|1|3|1|4|1|3|1|0|1|2|0|1|2|1|2|2|1|0|1|0|1|1|1|1|3|0|0|3|1|0|1|1|1|2|1|0|1|2|0|0|1|0|1|2|0|0|1|2|1|0|0|0|0|0|0|1|0|1|0|1|2|0|0|1|1|1|0|0|0|1|0|0|0|0|1|0</HistCounts>
      </HistItem>
    </Histograms>
    <Metadata>
      <MDI key="LAYER_TYPE">athematic</MDI>
      <MDI key="STATISTICS_COVARIANCES">157535.944199235</MDI>
      <MDI key="STATISTICS_EXCLUDEDVALUES"></MDI>
      <MDI key="STATISTICS_MAXIMUM">2163.470703125</MDI>
      <MDI key="STATISTICS_MEAN">528.11397730774</MDI>
      <MDI key="STATISTICS_MEDIAN">0</MDI>
      <MDI key="STATISTICS_MINIMUM">129.76837158203</MDI>
      <MDI key="STATISTICS_MODE">0</MDI>
      <MDI key="STATISTICS_SKIPFACTORX">1</MDI>
      <MDI key="STATISTICS_SKIPFACTORY">1</MDI>
      <MDI key="STATISTICS_STDDEV">396.90797951066</MDI>
    </Metadata>
  </PAMRasterBand>
</PAMDataset>
