<PAMDataset>
  <PAMRasterBand band="1">
    <Description>Layer_1</Description>
    <Histograms>
      <HistItem>
        <HistMin>95.353408813477</HistMin>
        <HistMax>1449.8443603516</HistMax>
        <BucketCount>256</BucketCount>
        <IncludeOutOfRange>1</IncludeOutOfRange>
        <Approximate>0</Approximate>
        <HistCounts>2|3|8|12|21|50|70|61|70|82|86|128|171|194|217|171|195|177|165|164|166|119|76|55|50|49|36|34|36|23|17|22|18|15|15|22|15|18|19|21|29|54|39|33|28|24|25|16|9|16|14|19|16|14|22|16|26|41|28|40|38|41|59|64|56|48|66|47|57|60|52|43|49|49|53|51|34|42|31|28|33|34|33|37|30|22|19|28|31|21|24|17|16|17|16|11|20|24|10|15|13|17|10|14|9|9|15|10|17|9|9|10|10|9|8|6|3|10|16|6|13|12|9|6|8|8|5|9|9|10|4|5|7|2|5|6|5|8|3|5|5|5|5|4|9|4|3|5|3|2|2|2|3|3|2|2|3|1|5|3|1|6|1|0|1|3|2|2|3|2|3|1|0|3|0|2|1|1|4|0|0|0|1|1|1|0|1|0|0|2|0|0|0|2|2|1|0|0|1|0|0|2|0|0|0|0|1|0|0|1|0|1|0|0|0|1|0|0|0|0|0|0|1|0|1|0|0|0|0|0|0|0|0|0|0|0|0|0|0|0|0|0|0|0|0|0|0|0|0|0|0|0|0|0|1|0</HistCounts>
      </HistItem>
    </Histograms>
    <Metadata>
      <MDI key="LAYER_TYPE">athematic</MDI>
      <MDI key="STATISTICS_COVARIANCES">40259.24579806352</MDI>
      <MDI key="STATISTICS_EXCLUDEDVALUES"></MDI>
      <MDI key="STATISTICS_MAXIMUM">1449.8443603516</MDI>
      <MDI key="STATISTICS_MEAN">340.66756069938</MDI>
      <MDI key="STATISTICS_MEDIAN">0</MDI>
      <MDI key="STATISTICS_MINIMUM">95.353408813477</MDI>
      <MDI key="STATISTICS_MODE">0</MDI>
      <MDI key="STATISTICS_SKIPFACTORX">1</MDI>
      <MDI key="STATISTICS_SKIPFACTORY">1</MDI>
      <MDI key="STATISTICS_STDDEV">200.64706775346</MDI>
    </Metadata>
  </PAMRasterBand>
</PAMDataset>
