<PAMDataset>
  <PAMRasterBand band="1">
    <Description>Layer_1</Description>
    <Histograms>
      <HistItem>
        <HistMin>4.5868314373365e-006</HistMin>
        <HistMax>0.61699348688126</HistMax>
        <BucketCount>256</BucketCount>
        <IncludeOutOfRange>1</IncludeOutOfRange>
        <Approximate>0</Approximate>
        <HistCounts>498|373|278|249|199|156|153|130|131|108|100|100|93|73|70|62|56|72|61|52|56|50|47|58|54|55|48|42|52|35|28|43|35|41|35|38|35|41|17|30|31|36|25|36|32|35|20|18|23|28|23|26|17|20|18|19|23|20|18|17|16|10|15|18|12|22|16|12|19|21|11|22|21|10|16|16|17|14|9|18|8|11|11|10|10|12|10|8|11|13|17|10|10|13|12|10|10|10|9|5|12|8|7|3|10|8|7|6|7|6|10|9|6|15|7|7|3|2|6|3|9|9|8|6|4|7|2|6|4|8|4|7|4|4|3|5|5|3|5|2|3|1|4|5|0|6|2|2|4|3|1|8|4|4|4|3|3|5|1|3|0|1|3|6|1|3|5|5|2|2|1|3|1|3|2|2|0|1|0|2|0|0|4|2|3|1|0|2|2|2|1|0|1|0|0|3|1|2|0|1|1|3|3|2|2|1|1|0|0|0|1|3|1|0|0|0|0|1|0|2|1|0|0|2|0|1|0|0|0|0|0|1|0|0|0|0|0|0|1|3|1|0|0|1|0|2|0|0|0|0|0|1|1|0|4|0</HistCounts>
      </HistItem>
    </Histograms>
    <Metadata>
      <MDI key="LAYER_TYPE">athematic</MDI>
      <MDI key="STATISTICS_COVARIANCES">0.01008708137145815</MDI>
      <MDI key="STATISTICS_EXCLUDEDVALUES"></MDI>
      <MDI key="STATISTICS_MAXIMUM">0.61699348688126</MDI>
      <MDI key="STATISTICS_MEAN">0.076680712453015</MDI>
      <MDI key="STATISTICS_MEDIAN">0</MDI>
      <MDI key="STATISTICS_MINIMUM">4.5868314373365e-006</MDI>
      <MDI key="STATISTICS_MODE">0</MDI>
      <MDI key="STATISTICS_SKIPFACTORX">1</MDI>
      <MDI key="STATISTICS_SKIPFACTORY">1</MDI>
      <MDI key="STATISTICS_STDDEV">0.10043446306651</MDI>
    </Metadata>
  </PAMRasterBand>
</PAMDataset>
