<PAMDataset>
  <PAMRasterBand band="1">
    <Description>Layer_1</Description>
    <Histograms>
      <HistItem>
        <HistMin>2.5138355340459e-005</HistMin>
        <HistMax>0.7131724953651401</HistMax>
        <BucketCount>256</BucketCount>
        <IncludeOutOfRange>1</IncludeOutOfRange>
        <Approximate>0</Approximate>
        <HistCounts>809|383|373|335|258|215|201|178|151|116|101|91|71|79|78|78|66|64|56|52|50|63|37|40|32|51|37|43|38|35|34|31|16|22|36|25|26|27|20|33|25|14|25|11|28|23|16|17|22|23|25|15|12|8|16|10|15|15|17|21|14|14|14|10|14|7|5|7|12|9|12|5|10|6|7|8|4|10|5|12|3|7|6|5|8|5|7|2|2|5|5|5|4|8|1|1|5|3|7|3|3|5|6|3|1|4|6|1|2|4|0|0|6|4|4|3|1|6|3|2|3|1|1|2|1|3|0|2|2|2|2|2|4|4|5|1|3|2|0|2|1|2|2|5|0|4|2|1|1|1|3|4|0|1|3|2|2|2|2|1|1|0|2|0|2|0|0|1|0|1|2|0|3|2|2|0|3|1|0|2|0|0|3|2|0|4|0|0|1|1|1|0|1|2|0|1|1|1|2|2|0|1|0|0|0|1|1|0|0|0|0|0|0|1|0|0|0|0|0|0|0|0|0|0|1|1|0|0|0|1|0|0|0|0|0|1|0|0|0|0|0|0|0|1|0|0|0|0|0|0|0|0|0|0|0|1</HistCounts>
      </HistItem>
    </Histograms>
    <Metadata>
      <MDI key="LAYER_TYPE">athematic</MDI>
      <MDI key="STATISTICS_COVARIANCES">0.008023499589731947</MDI>
      <MDI key="STATISTICS_EXCLUDEDVALUES"></MDI>
      <MDI key="STATISTICS_MAXIMUM">0.71317249536514</MDI>
      <MDI key="STATISTICS_MEAN">0.05726694762101</MDI>
      <MDI key="STATISTICS_MEDIAN">0</MDI>
      <MDI key="STATISTICS_MINIMUM">2.5138355340459e-005</MDI>
      <MDI key="STATISTICS_MODE">0</MDI>
      <MDI key="STATISTICS_SKIPFACTORX">1</MDI>
      <MDI key="STATISTICS_SKIPFACTORY">1</MDI>
      <MDI key="STATISTICS_STDDEV">0.089573989470895</MDI>
    </Metadata>
  </PAMRasterBand>
</PAMDataset>
