<PAMDataset>
  <PAMRasterBand band="1">
    <Description>Layer_1</Description>
    <Histograms>
      <HistItem>
        <HistMin>4.6434222895186e-005</HistMin>
        <HistMax>0.55682992935181</HistMax>
        <BucketCount>256</BucketCount>
        <IncludeOutOfRange>1</IncludeOutOfRange>
        <Approximate>0</Approximate>
        <HistCounts>518|335|315|244|229|179|191|151|153|156|111|113|80|96|82|70|93|59|70|67|64|76|54|49|61|54|40|41|57|46|63|56|43|49|54|47|44|34|34|35|36|32|32|28|27|43|23|15|19|32|20|26|22|20|21|12|14|18|18|11|14|14|9|13|6|11|8|12|11|6|14|13|3|10|17|7|8|8|9|7|5|6|2|9|8|7|9|8|10|6|3|3|4|5|5|7|8|7|3|4|3|6|2|4|3|3|5|1|3|3|3|3|4|3|2|1|2|3|0|2|4|4|2|6|4|3|1|5|2|0|1|3|2|1|4|3|2|1|4|1|1|1|0|1|1|1|2|3|2|0|2|0|2|1|2|2|0|0|3|2|2|0|2|4|0|1|1|1|0|2|2|0|0|0|1|2|0|2|1|1|1|3|1|0|0|0|1|1|0|1|0|1|2|0|0|0|0|1|1|2|0|0|1|0|0|1|0|0|0|0|1|1|0|0|0|0|1|1|0|1|1|0|0|0|0|0|1|0|0|1|0|0|0|0|0|0|0|0|0|0|0|0|0|0|0|0|1|0|0|0|0|0|0|0|1|0</HistCounts>
      </HistItem>
    </Histograms>
    <Metadata>
      <MDI key="LAYER_TYPE">athematic</MDI>
      <MDI key="STATISTICS_COVARIANCES">0.004639405122107478</MDI>
      <MDI key="STATISTICS_EXCLUDEDVALUES"></MDI>
      <MDI key="STATISTICS_MAXIMUM">0.55682992935181</MDI>
      <MDI key="STATISTICS_MEAN">0.051363059728944</MDI>
      <MDI key="STATISTICS_MEDIAN">0</MDI>
      <MDI key="STATISTICS_MINIMUM">4.6434222895186e-005</MDI>
      <MDI key="STATISTICS_MODE">0</MDI>
      <MDI key="STATISTICS_SKIPFACTORX">1</MDI>
      <MDI key="STATISTICS_SKIPFACTORY">1</MDI>
      <MDI key="STATISTICS_STDDEV">0.068113178769659</MDI>
    </Metadata>
  </PAMRasterBand>
</PAMDataset>
