<PAMDataset>
  <PAMRasterBand band="1">
    <Description>Layer_1</Description>
    <Histograms>
      <HistItem>
        <HistMin>5.5788070312701e-005</HistMin>
        <HistMax>0.7574754357338001</HistMax>
        <BucketCount>256</BucketCount>
        <IncludeOutOfRange>1</IncludeOutOfRange>
        <Approximate>0</Approximate>
        <HistCounts>689|292|243|204|207|202|167|185|167|137|107|106|95|84|82|78|72|68|71|72|58|48|47|55|56|56|56|54|42|43|53|45|40|39|37|49|46|33|35|35|27|32|31|25|18|29|17|23|24|18|21|19|24|19|25|16|16|11|16|17|9|10|20|18|18|12|17|21|10|18|13|12|6|9|7|11|6|10|11|10|9|6|10|5|6|8|7|4|3|6|4|10|6|6|3|6|6|7|5|6|5|4|2|6|2|3|3|8|2|4|4|5|2|4|4|3|5|1|3|2|3|3|2|6|1|1|3|2|5|3|3|0|2|3|2|3|3|2|3|1|2|4|4|5|2|1|1|2|2|2|4|1|0|1|2|0|0|1|1|0|2|4|0|0|2|1|1|2|1|2|0|2|2|1|0|2|3|2|2|0|1|2|1|0|0|0|1|1|1|1|1|0|1|0|0|1|1|4|0|2|0|0|0|0|0|0|2|1|1|1|0|0|0|1|0|0|0|1|1|1|3|0|0|0|0|0|1|0|0|1|0|0|0|0|1|1|0|1|1|0|0|0|2|1|0|0|2|0|0|0|0|0|1|0|2|0</HistCounts>
      </HistItem>
    </Histograms>
    <Metadata>
      <MDI key="LAYER_TYPE">athematic</MDI>
      <MDI key="STATISTICS_COVARIANCES">0.01059668826630109</MDI>
      <MDI key="STATISTICS_EXCLUDEDVALUES"></MDI>
      <MDI key="STATISTICS_MAXIMUM">0.7574754357338</MDI>
      <MDI key="STATISTICS_MEAN">0.073945630673641</MDI>
      <MDI key="STATISTICS_MEDIAN">0</MDI>
      <MDI key="STATISTICS_MINIMUM">5.5788070312701e-005</MDI>
      <MDI key="STATISTICS_MODE">0</MDI>
      <MDI key="STATISTICS_SKIPFACTORX">1</MDI>
      <MDI key="STATISTICS_SKIPFACTORY">1</MDI>
      <MDI key="STATISTICS_STDDEV">0.10294021695286</MDI>
    </Metadata>
  </PAMRasterBand>
</PAMDataset>
