<PAMDataset>
  <PAMRasterBand band="1">
    <Description>Layer_1</Description>
    <Histograms>
      <HistItem>
        <HistMin>4.6706900320714e-005</HistMin>
        <HistMax>0.44404476881027</HistMax>
        <BucketCount>256</BucketCount>
        <IncludeOutOfRange>1</IncludeOutOfRange>
        <Approximate>0</Approximate>
        <HistCounts>347|423|347|207|166|194|150|130|140|104|109|91|73|104|81|87|91|80|77|72|67|65|70|67|58|65|49|47|61|45|40|50|54|34|45|24|40|44|30|37|38|40|37|34|32|36|29|22|25|17|28|28|18|33|27|29|22|27|22|23|21|17|28|12|18|18|20|17|18|18|12|14|17|13|11|14|17|8|9|8|11|17|8|7|11|9|6|4|3|4|6|3|9|1|5|3|4|1|5|1|4|2|9|6|4|4|2|2|5|5|1|6|2|3|3|1|4|1|4|2|4|3|4|2|1|1|3|1|0|2|3|3|2|2|1|2|1|2|4|1|3|0|4|1|4|3|1|1|1|4|1|0|0|2|1|1|2|1|0|0|3|1|0|1|2|0|2|0|1|0|2|3|0|1|0|2|0|1|1|1|3|1|0|1|1|0|2|2|1|2|0|1|0|1|2|1|0|1|1|1|0|1|1|0|1|0|1|0|0|2|2|2|2|1|2|1|1|0|0|1|0|1|1|2|0|1|0|1|0|0|0|1|1|1|0|1|1|1|1|0|0|2|0|2|0|1|1|1|0|0|0|1|0|0|1|1</HistCounts>
      </HistItem>
    </Histograms>
    <Metadata>
      <MDI key="LAYER_TYPE">athematic</MDI>
      <MDI key="STATISTICS_COVARIANCES">0.003794475874934564</MDI>
      <MDI key="STATISTICS_EXCLUDEDVALUES"></MDI>
      <MDI key="STATISTICS_MAXIMUM">0.44404476881027</MDI>
      <MDI key="STATISTICS_MEAN">0.047239588698424</MDI>
      <MDI key="STATISTICS_MEDIAN">0</MDI>
      <MDI key="STATISTICS_MINIMUM">4.6706900320714e-005</MDI>
      <MDI key="STATISTICS_MODE">0</MDI>
      <MDI key="STATISTICS_SKIPFACTORX">1</MDI>
      <MDI key="STATISTICS_SKIPFACTORY">1</MDI>
      <MDI key="STATISTICS_STDDEV">0.061599317162892</MDI>
    </Metadata>
  </PAMRasterBand>
</PAMDataset>
