<PAMDataset>
  <PAMRasterBand band="1">
    <Description>Layer_1</Description>
    <Histograms>
      <HistItem>
        <HistMin>9.233476157533e-005</HistMin>
        <HistMax>0.42329794168472</HistMax>
        <BucketCount>256</BucketCount>
        <IncludeOutOfRange>1</IncludeOutOfRange>
        <Approximate>0</Approximate>
        <HistCounts>319|343|333|344|281|272|220|170|136|124|104|105|74|95|74|70|65|58|68|61|46|53|50|59|56|46|44|48|43|45|49|35|46|47|34|45|37|39|24|38|29|36|33|33|32|45|18|31|21|21|31|27|22|23|27|15|25|26|23|9|20|17|21|16|22|18|14|13|14|15|7|14|11|11|8|10|8|11|9|6|9|10|6|5|7|4|5|7|5|5|5|4|6|1|6|3|2|4|4|3|2|2|5|4|6|1|3|1|2|1|3|3|1|3|3|4|4|3|1|2|2|2|1|5|4|1|2|3|2|2|1|3|3|2|1|1|0|4|0|3|1|0|1|3|1|2|1|0|2|2|1|1|0|1|0|3|1|0|2|2|1|1|0|1|0|0|1|3|2|2|0|2|1|2|4|1|2|1|0|1|1|0|2|0|0|0|2|0|0|0|3|0|3|0|3|1|0|2|1|0|3|0|0|0|2|1|1|2|1|2|0|1|1|1|0|1|1|1|1|1|0|0|0|0|1|0|0|1|1|1|0|1|0|0|0|0|0|0|0|0|0|0|0|0|1|0|0|0|0|1|0|1|0|0|0|1</HistCounts>
      </HistItem>
    </Histograms>
    <Metadata>
      <MDI key="LAYER_TYPE">athematic</MDI>
      <MDI key="STATISTICS_COVARIANCES">0.003041227953523374</MDI>
      <MDI key="STATISTICS_EXCLUDEDVALUES"></MDI>
      <MDI key="STATISTICS_MAXIMUM">0.42329794168472</MDI>
      <MDI key="STATISTICS_MEAN">0.040712236128549</MDI>
      <MDI key="STATISTICS_MEDIAN">0</MDI>
      <MDI key="STATISTICS_MINIMUM">9.233476157533e-005</MDI>
      <MDI key="STATISTICS_MODE">0</MDI>
      <MDI key="STATISTICS_SKIPFACTORX">1</MDI>
      <MDI key="STATISTICS_SKIPFACTORY">1</MDI>
      <MDI key="STATISTICS_STDDEV">0.055147329523046</MDI>
    </Metadata>
  </PAMRasterBand>
</PAMDataset>
