<PAMDataset>
  <PAMRasterBand band="1">
    <Description>Layer_1</Description>
    <Histograms>
      <HistItem>
        <HistMin>7.385220669675599e-005</HistMin>
        <HistMax>0.52502524852753</HistMax>
        <BucketCount>256</BucketCount>
        <IncludeOutOfRange>1</IncludeOutOfRange>
        <Approximate>0</Approximate>
        <HistCounts>451|307|243|247|242|185|159|160|154|121|128|100|86|103|83|70|58|59|70|65|50|74|50|51|55|40|44|66|48|69|51|39|36|30|39|45|50|44|33|37|44|45|42|53|40|33|34|34|31|21|27|26|22|21|33|24|17|19|18|17|14|16|18|18|18|17|10|8|20|14|17|15|13|9|15|12|14|12|9|10|11|9|6|5|5|6|7|5|8|10|4|2|2|4|9|8|5|8|7|8|10|5|4|7|4|6|2|4|2|7|2|3|6|6|3|4|2|7|4|3|4|4|7|4|1|2|4|2|3|2|5|2|5|1|2|4|2|0|1|2|3|3|2|3|1|3|1|1|2|1|0|3|2|2|1|1|0|1|2|6|2|2|5|0|2|1|1|0|2|2|2|1|0|1|1|0|0|1|2|0|1|0|0|0|0|0|1|2|2|1|0|0|0|1|0|0|1|0|1|0|0|0|0|0|0|2|3|0|0|0|0|0|0|0|0|1|0|0|0|1|0|0|0|0|0|1|1|0|0|0|0|0|1|0|0|0|0|0|1|0|1|0|0|0|0|0|0|0|0|0|0|0|0|0|1|0</HistCounts>
      </HistItem>
    </Histograms>
    <Metadata>
      <MDI key="LAYER_TYPE">athematic</MDI>
      <MDI key="STATISTICS_COVARIANCES">0.004604340251726083</MDI>
      <MDI key="STATISTICS_EXCLUDEDVALUES"></MDI>
      <MDI key="STATISTICS_MAXIMUM">0.52502524852753</MDI>
      <MDI key="STATISTICS_MEAN">0.054742267904833</MDI>
      <MDI key="STATISTICS_MEDIAN">0</MDI>
      <MDI key="STATISTICS_MINIMUM">7.3852206696756e-005</MDI>
      <MDI key="STATISTICS_MODE">0</MDI>
      <MDI key="STATISTICS_SKIPFACTORX">1</MDI>
      <MDI key="STATISTICS_SKIPFACTORY">1</MDI>
      <MDI key="STATISTICS_STDDEV">0.067855289047546</MDI>
    </Metadata>
  </PAMRasterBand>
</PAMDataset>
