<PAMDataset>
  <PAMRasterBand band="1">
    <Description>Layer_1</Description>
    <Histograms>
      <HistItem>
        <HistMin>8.8307948317379e-005</HistMin>
        <HistMax>0.78776639699936</HistMax>
        <BucketCount>256</BucketCount>
        <IncludeOutOfRange>1</IncludeOutOfRange>
        <Approximate>0</Approximate>
        <HistCounts>831|447|341|329|291|224|218|168|140|159|125|95|104|103|86|78|65|73|66|46|46|44|49|44|36|50|38|39|27|38|39|30|31|29|19|20|31|25|25|32|18|9|12|13|16|25|15|24|9|15|11|14|12|14|12|10|9|8|7|9|3|6|7|6|15|6|10|5|8|6|6|6|8|3|11|1|3|6|4|5|2|2|6|6|4|2|4|2|2|4|8|2|7|5|5|5|5|5|3|1|2|2|2|2|4|1|2|4|4|3|2|4|6|4|3|4|6|2|4|3|3|0|1|0|3|0|4|1|0|1|3|1|4|2|3|0|1|2|5|1|1|1|0|2|4|1|0|0|0|0|0|0|0|3|0|0|1|1|0|2|1|1|1|0|0|0|0|0|1|1|1|0|1|1|0|0|0|0|0|1|1|0|0|0|0|1|0|0|0|0|0|0|0|2|1|0|0|0|0|0|1|0|0|0|0|0|0|0|0|0|0|0|0|0|0|2|0|0|1|0|0|0|0|1|0|1|0|0|0|0|0|0|1|0|0|0|0|0|0|0|0|0|0|0|0|0|0|0|0|0|0|0|0|0|1|0</HistCounts>
      </HistItem>
    </Histograms>
    <Metadata>
      <MDI key="LAYER_TYPE">athematic</MDI>
      <MDI key="STATISTICS_COVARIANCES">0.006840754325872833</MDI>
      <MDI key="STATISTICS_EXCLUDEDVALUES"></MDI>
      <MDI key="STATISTICS_MAXIMUM">0.78776639699936</MDI>
      <MDI key="STATISTICS_MEAN">0.052622415414127</MDI>
      <MDI key="STATISTICS_MEDIAN">0</MDI>
      <MDI key="STATISTICS_MINIMUM">8.8307948317379e-005</MDI>
      <MDI key="STATISTICS_MODE">0</MDI>
      <MDI key="STATISTICS_SKIPFACTORX">1</MDI>
      <MDI key="STATISTICS_SKIPFACTORY">1</MDI>
      <MDI key="STATISTICS_STDDEV">0.08270885276603</MDI>
    </Metadata>
  </PAMRasterBand>
</PAMDataset>
