<PAMDataset>
  <PAMRasterBand band="1">
    <Description>Layer_1</Description>
    <Histograms>
      <HistItem>
        <HistMin>9.9046308605466e-005</HistMin>
        <HistMax>0.60640072822571</HistMax>
        <BucketCount>256</BucketCount>
        <IncludeOutOfRange>1</IncludeOutOfRange>
        <Approximate>0</Approximate>
        <HistCounts>497|352|210|191|169|201|182|134|109|108|109|126|124|95|111|107|93|98|94|97|95|79|63|73|60|65|53|61|65|46|45|52|57|38|24|35|27|31|36|34|25|24|24|19|31|30|27|22|22|15|26|18|14|17|14|24|6|13|18|13|18|9|8|15|12|10|10|15|6|13|13|16|15|8|10|8|8|10|9|11|8|9|7|1|12|6|9|9|7|7|5|1|10|6|4|8|8|2|10|5|7|7|6|2|7|2|6|6|4|5|5|4|6|4|3|6|4|4|6|5|5|2|4|3|7|4|6|3|5|2|4|7|5|2|2|0|8|3|3|2|2|3|2|2|4|1|1|1|0|3|5|4|3|6|4|1|4|3|1|1|3|0|2|4|2|1|2|0|2|2|2|1|1|1|2|1|2|3|1|1|1|0|1|0|0|0|1|0|2|1|1|0|2|0|1|1|0|0|1|2|0|0|0|0|0|1|0|0|0|0|0|0|0|0|0|0|0|1|0|0|0|0|0|0|1|1|0|0|0|0|0|0|0|0|0|0|0|0|0|0|0|0|0|0|0|0|0|0|0|0|0|0|0|0|1|0</HistCounts>
      </HistItem>
    </Histograms>
    <Metadata>
      <MDI key="LAYER_TYPE">athematic</MDI>
      <MDI key="STATISTICS_COVARIANCES">0.006464659201015047</MDI>
      <MDI key="STATISTICS_EXCLUDEDVALUES"></MDI>
      <MDI key="STATISTICS_MAXIMUM">0.60640072822571</MDI>
      <MDI key="STATISTICS_MEAN">0.062122320784345</MDI>
      <MDI key="STATISTICS_MEDIAN">0</MDI>
      <MDI key="STATISTICS_MINIMUM">9.9046308605466e-005</MDI>
      <MDI key="STATISTICS_MODE">0</MDI>
      <MDI key="STATISTICS_SKIPFACTORX">1</MDI>
      <MDI key="STATISTICS_SKIPFACTORY">1</MDI>
      <MDI key="STATISTICS_STDDEV">0.08040310442399</MDI>
    </Metadata>
  </PAMRasterBand>
</PAMDataset>
