<PAMDataset>
  <PAMRasterBand band="1">
    <Description>Layer_1</Description>
    <Histograms>
      <HistItem>
        <HistMin>3.9802420360502e-005</HistMin>
        <HistMax>0.80676925182343</HistMax>
        <BucketCount>256</BucketCount>
        <IncludeOutOfRange>1</IncludeOutOfRange>
        <Approximate>0</Approximate>
        <HistCounts>895|455|405|349|278|176|141|105|111|102|99|99|81|62|74|75|77|65|54|68|66|43|58|53|46|39|32|36|41|38|27|35|30|27|26|24|12|19|30|18|27|22|27|18|29|15|19|25|21|20|13|13|11|13|15|21|18|15|16|13|11|7|16|12|8|17|14|8|8|6|13|4|4|10|9|7|6|4|3|5|6|4|7|6|2|3|7|4|5|1|4|5|5|6|5|1|2|5|3|6|2|4|1|3|5|2|1|0|3|2|4|1|2|5|2|1|1|3|3|0|2|1|2|3|3|0|2|2|8|2|3|2|1|2|4|1|0|4|0|1|0|2|2|2|0|4|2|0|2|1|3|2|0|2|1|1|1|2|1|0|1|1|4|2|2|0|1|0|2|6|6|0|1|0|2|1|2|1|4|2|4|2|2|0|1|0|1|0|0|0|0|2|1|0|0|0|0|0|0|0|0|1|0|1|0|0|0|0|0|1|1|1|0|1|0|0|0|0|0|0|1|0|0|2|0|0|1|1|1|0|0|0|0|0|1|0|0|0|0|2|0|1|0|0|0|0|0|0|0|0|0|0|0|0|1|0</HistCounts>
      </HistItem>
    </Histograms>
    <Metadata>
      <MDI key="LAYER_TYPE">athematic</MDI>
      <MDI key="STATISTICS_COVARIANCES">0.01024533889043089</MDI>
      <MDI key="STATISTICS_EXCLUDEDVALUES"></MDI>
      <MDI key="STATISTICS_MAXIMUM">0.80676925182343</MDI>
      <MDI key="STATISTICS_MEAN">0.062768502937683</MDI>
      <MDI key="STATISTICS_MEDIAN">0</MDI>
      <MDI key="STATISTICS_MINIMUM">3.9802420360502e-005</MDI>
      <MDI key="STATISTICS_MODE">0</MDI>
      <MDI key="STATISTICS_SKIPFACTORX">1</MDI>
      <MDI key="STATISTICS_SKIPFACTORY">1</MDI>
      <MDI key="STATISTICS_STDDEV">0.10121926145962</MDI>
    </Metadata>
  </PAMRasterBand>
</PAMDataset>
