<PAMDataset>
  <PAMRasterBand band="1">
    <Description>Layer_1</Description>
    <Histograms>
      <HistItem>
        <HistMin>0.00010942711378448</HistMin>
        <HistMax>0.5935680270195</HistMax>
        <BucketCount>256</BucketCount>
        <IncludeOutOfRange>1</IncludeOutOfRange>
        <Approximate>0</Approximate>
        <HistCounts>512|419|386|384|295|265|214|174|130|111|119|103|94|88|92|76|74|73|71|61|50|57|41|61|58|54|43|34|65|42|40|39|50|40|47|31|38|38|24|40|34|29|20|24|28|18|23|22|18|25|19|9|14|12|13|17|15|11|9|18|4|7|10|11|4|8|13|4|1|9|5|7|5|4|4|4|7|3|4|4|4|4|3|0|3|5|0|3|1|1|2|0|1|2|4|4|3|2|2|2|1|0|3|3|1|2|2|0|2|0|3|0|2|0|0|2|1|2|4|2|1|0|1|2|1|2|1|2|1|0|1|2|1|0|0|0|0|1|0|1|1|0|1|3|3|2|2|0|1|1|0|1|2|1|1|0|1|2|1|2|1|0|0|0|1|1|0|2|2|3|2|0|0|0|0|0|3|0|0|0|1|1|1|1|0|2|2|1|0|1|0|1|0|0|0|1|0|1|0|0|1|0|1|0|1|2|0|0|1|0|0|0|0|0|0|1|0|0|0|0|0|1|0|0|0|0|0|0|0|0|0|0|0|0|0|0|0|0|0|0|0|0|0|0|0|0|0|0|0|0|0|1|0|0|0|1</HistCounts>
      </HistItem>
    </Histograms>
    <Metadata>
      <MDI key="LAYER_TYPE">athematic</MDI>
      <MDI key="STATISTICS_COVARIANCES">0.003777251453745496</MDI>
      <MDI key="STATISTICS_EXCLUDEDVALUES"></MDI>
      <MDI key="STATISTICS_MAXIMUM">0.5935680270195</MDI>
      <MDI key="STATISTICS_MEAN">0.042416110057137</MDI>
      <MDI key="STATISTICS_MEDIAN">0</MDI>
      <MDI key="STATISTICS_MINIMUM">0.00010942711378448</MDI>
      <MDI key="STATISTICS_MODE">0</MDI>
      <MDI key="STATISTICS_SKIPFACTORX">1</MDI>
      <MDI key="STATISTICS_SKIPFACTORY">1</MDI>
      <MDI key="STATISTICS_STDDEV">0.061459347976898</MDI>
    </Metadata>
  </PAMRasterBand>
</PAMDataset>
