<PAMDataset>
  <PAMRasterBand band="1">
    <Description>Layer_1</Description>
    <Histograms>
      <HistItem>
        <HistMin>5.8090903621633e-005</HistMin>
        <HistMax>0.63155615329742</HistMax>
        <BucketCount>256</BucketCount>
        <IncludeOutOfRange>1</IncludeOutOfRange>
        <Approximate>0</Approximate>
        <HistCounts>715|447|289|261|231|217|203|154|142|115|111|99|108|91|80|83|84|72|75|50|81|44|54|57|54|44|34|48|66|37|40|43|36|32|35|37|28|31|27|26|22|30|20|23|13|17|20|13|23|14|23|11|16|13|16|15|8|12|20|9|12|19|15|6|9|15|10|8|8|11|9|5|6|4|8|10|4|8|8|7|8|7|2|4|8|6|8|2|5|4|9|4|11|6|3|3|9|4|5|2|6|4|4|1|8|1|1|1|1|1|4|3|2|2|3|6|3|4|2|1|2|1|3|2|4|1|1|3|1|0|9|1|1|5|2|2|0|1|2|3|2|1|2|2|3|2|0|4|0|3|0|0|3|5|0|1|1|3|2|0|2|1|1|1|2|1|1|1|2|3|2|1|0|0|1|0|2|0|0|0|0|1|0|1|0|0|0|2|0|0|0|0|0|1|0|1|0|0|1|1|0|1|0|0|0|0|1|0|0|0|0|0|1|0|0|0|0|0|1|0|0|0|0|0|0|0|0|0|0|0|1|0|1|0|0|0|0|0|0|1|1|0|0|0|0|0|0|0|0|0|0|0|0|0|0|1</HistCounts>
      </HistItem>
    </Histograms>
    <Metadata>
      <MDI key="LAYER_TYPE">athematic</MDI>
      <MDI key="STATISTICS_COVARIANCES">0.005583170791098759</MDI>
      <MDI key="STATISTICS_EXCLUDEDVALUES"></MDI>
      <MDI key="STATISTICS_MAXIMUM">0.63155615329742</MDI>
      <MDI key="STATISTICS_MEAN">0.05130483569778</MDI>
      <MDI key="STATISTICS_MEDIAN">0</MDI>
      <MDI key="STATISTICS_MINIMUM">5.8090903621633e-005</MDI>
      <MDI key="STATISTICS_MODE">0</MDI>
      <MDI key="STATISTICS_SKIPFACTORX">1</MDI>
      <MDI key="STATISTICS_SKIPFACTORY">1</MDI>
      <MDI key="STATISTICS_STDDEV">0.074720618246229</MDI>
    </Metadata>
  </PAMRasterBand>
</PAMDataset>
