<PAMDataset>
  <PAMRasterBand band="1">
    <Description>Layer_1</Description>
    <Histograms>
      <HistItem>
        <HistMin>6.0315993323456e-005</HistMin>
        <HistMax>0.53521990776062</HistMax>
        <BucketCount>256</BucketCount>
        <IncludeOutOfRange>1</IncludeOutOfRange>
        <Approximate>0</Approximate>
        <HistCounts>494|295|189|188|178|174|147|151|107|97|119|97|95|101|112|102|103|85|84|89|93|74|79|69|78|68|68|56|51|55|61|42|46|47|45|37|42|27|45|24|39|24|24|33|37|23|39|20|21|25|18|26|24|16|9|15|16|23|18|17|13|17|11|18|10|12|8|15|13|8|10|10|9|8|5|11|8|6|13|6|7|6|3|7|4|8|7|11|3|5|6|6|10|10|6|8|10|7|10|4|4|5|8|8|2|5|3|3|6|10|7|2|6|4|7|6|2|2|5|6|4|5|3|6|7|2|4|5|4|1|3|4|7|6|3|2|3|6|8|2|3|2|5|4|5|4|1|6|0|2|8|4|6|1|6|3|1|0|3|2|3|4|1|0|2|4|2|0|2|5|2|5|3|1|3|3|3|3|1|3|2|6|1|1|1|1|0|3|2|2|3|2|0|0|0|2|1|3|2|2|0|1|0|2|0|0|0|1|1|0|0|0|0|2|0|0|1|1|2|0|1|0|0|1|1|0|0|0|0|0|2|0|0|0|0|0|0|0|0|1|0|0|0|0|0|0|0|0|0|1|0|0|0|0|0|1</HistCounts>
      </HistItem>
    </Histograms>
    <Metadata>
      <MDI key="LAYER_TYPE">athematic</MDI>
      <MDI key="STATISTICS_COVARIANCES">0.006402765387256531</MDI>
      <MDI key="STATISTICS_EXCLUDEDVALUES"></MDI>
      <MDI key="STATISTICS_MAXIMUM">0.53521990776062</MDI>
      <MDI key="STATISTICS_MEAN">0.061322795772589</MDI>
      <MDI key="STATISTICS_MEDIAN">0</MDI>
      <MDI key="STATISTICS_MINIMUM">6.0315993323456e-005</MDI>
      <MDI key="STATISTICS_MODE">0</MDI>
      <MDI key="STATISTICS_SKIPFACTORX">1</MDI>
      <MDI key="STATISTICS_SKIPFACTORY">1</MDI>
      <MDI key="STATISTICS_STDDEV">0.080017281803724</MDI>
    </Metadata>
  </PAMRasterBand>
</PAMDataset>
