<PAMDataset>
  <PAMRasterBand band="1">
    <Description>Layer_1</Description>
    <Histograms>
      <HistItem>
        <HistMin>4.8885969590629e-005</HistMin>
        <HistMax>0.48344123363495</HistMax>
        <BucketCount>256</BucketCount>
        <IncludeOutOfRange>1</IncludeOutOfRange>
        <Approximate>0</Approximate>
        <HistCounts>396|349|374|376|303|235|199|186|146|123|117|89|90|100|68|70|80|55|68|63|55|60|49|49|51|53|51|42|49|43|42|31|48|48|32|31|32|41|37|43|32|23|30|38|23|36|32|22|26|27|17|18|23|19|24|17|17|11|15|13|22|18|14|17|11|19|14|9|5|9|12|5|10|0|10|10|9|6|14|8|4|5|3|3|4|4|7|3|2|1|3|2|1|5|1|6|4|3|1|1|3|3|2|4|3|3|2|4|4|1|5|2|2|1|5|3|1|1|2|1|2|2|2|0|3|2|3|1|2|0|0|0|3|0|1|1|1|2|0|0|1|0|2|2|2|1|1|1|0|3|1|0|0|0|1|0|2|1|1|1|0|3|0|2|1|1|1|1|2|2|1|0|1|2|2|0|0|3|1|1|0|1|1|0|1|1|0|1|0|2|1|3|0|1|0|2|1|0|2|1|0|0|1|1|0|2|0|0|1|1|0|0|1|2|2|0|2|2|1|0|0|0|1|0|0|0|0|0|1|0|0|0|0|0|0|0|1|1|1|0|0|0|0|0|0|1|1|0|0|0|0|0|0|0|1|0</HistCounts>
      </HistItem>
    </Histograms>
    <Metadata>
      <MDI key="LAYER_TYPE">athematic</MDI>
      <MDI key="STATISTICS_COVARIANCES">0.003483615685713427</MDI>
      <MDI key="STATISTICS_EXCLUDEDVALUES"></MDI>
      <MDI key="STATISTICS_MAXIMUM">0.48344123363495</MDI>
      <MDI key="STATISTICS_MEAN">0.041699374798054</MDI>
      <MDI key="STATISTICS_MEDIAN">0</MDI>
      <MDI key="STATISTICS_MINIMUM">4.8885969590629e-005</MDI>
      <MDI key="STATISTICS_MODE">0</MDI>
      <MDI key="STATISTICS_SKIPFACTORX">1</MDI>
      <MDI key="STATISTICS_SKIPFACTORY">1</MDI>
      <MDI key="STATISTICS_STDDEV">0.059022162665506</MDI>
    </Metadata>
  </PAMRasterBand>
</PAMDataset>
