<PAMDataset>
  <PAMRasterBand band="1">
    <Description>Layer_1</Description>
    <Histograms>
      <HistItem>
        <HistMin>1.3949785170553e-005</HistMin>
        <HistMax>0.66237276792526</HistMax>
        <BucketCount>256</BucketCount>
        <IncludeOutOfRange>1</IncludeOutOfRange>
        <Approximate>0</Approximate>
        <HistCounts>521|412|271|262|226|157|153|145|148|110|101|87|75|82|58|70|58|58|60|58|62|65|45|69|43|45|54|36|52|46|36|42|41|30|32|33|33|34|39|35|31|30|34|25|27|18|21|18|22|17|35|31|22|24|24|27|19|22|10|18|17|16|17|11|21|20|17|16|15|20|11|12|12|11|9|4|13|14|14|13|10|9|20|15|12|10|6|15|12|13|5|10|7|14|8|4|7|9|9|10|15|5|6|6|9|8|7|9|3|4|5|9|2|5|9|8|2|7|3|3|2|5|2|5|9|5|7|2|2|9|2|3|4|3|4|2|4|1|1|6|5|1|6|2|3|3|1|2|3|3|3|3|3|4|2|3|2|1|4|2|2|4|3|2|1|3|2|0|2|0|1|1|2|1|1|1|0|2|2|1|1|1|1|1|2|3|1|1|1|5|0|0|1|0|1|2|0|0|1|0|0|2|1|0|2|0|1|1|0|1|1|1|0|1|0|1|0|0|0|1|1|0|0|0|2|2|0|0|0|1|1|1|0|0|0|2|0|1|0|1|0|0|0|0|0|0|0|0|0|0|0|0|0|0|0|1</HistCounts>
      </HistItem>
    </Histograms>
    <Metadata>
      <MDI key="LAYER_TYPE">athematic</MDI>
      <MDI key="STATISTICS_COVARIANCES">0.009815186817656706</MDI>
      <MDI key="STATISTICS_EXCLUDEDVALUES"></MDI>
      <MDI key="STATISTICS_MAXIMUM">0.66237276792526</MDI>
      <MDI key="STATISTICS_MEAN">0.074921502668667</MDI>
      <MDI key="STATISTICS_MEDIAN">0</MDI>
      <MDI key="STATISTICS_MINIMUM">1.3949785170553e-005</MDI>
      <MDI key="STATISTICS_MODE">0</MDI>
      <MDI key="STATISTICS_SKIPFACTORX">1</MDI>
      <MDI key="STATISTICS_SKIPFACTORY">1</MDI>
      <MDI key="STATISTICS_STDDEV">0.099071624684653</MDI>
    </Metadata>
  </PAMRasterBand>
</PAMDataset>
