<PAMDataset>
  <PAMRasterBand band="1">
    <Description>Layer_1</Description>
    <Histograms>
      <HistItem>
        <HistMin>9.7678981546778e-005</HistMin>
        <HistMax>0.32373642921448</HistMax>
        <BucketCount>256</BucketCount>
        <IncludeOutOfRange>1</IncludeOutOfRange>
        <Approximate>0</Approximate>
        <HistCounts>229|249|209|194|231|184|207|180|189|154|135|108|95|93|82|79|67|69|66|54|63|61|57|56|58|50|44|51|44|46|30|47|43|42|40|42|42|37|34|33|44|37|40|41|40|27|32|41|28|28|21|24|23|16|24|24|24|22|23|20|22|21|13|16|17|15|18|26|13|19|12|19|20|18|13|18|14|11|15|8|13|13|9|11|11|12|16|11|15|17|7|10|13|8|8|6|5|5|12|8|7|4|12|6|5|9|8|2|8|5|9|6|4|3|7|4|6|3|7|3|10|5|1|5|2|6|5|5|4|5|4|3|6|7|3|3|5|5|2|4|6|0|5|1|4|3|2|3|5|4|2|3|1|1|5|3|2|1|1|2|3|5|2|1|1|1|2|1|5|0|5|2|4|4|1|1|3|0|4|3|2|2|1|5|2|2|4|4|1|2|1|1|2|2|2|2|3|0|2|0|2|0|1|0|1|2|0|1|1|2|0|0|0|0|0|2|1|1|1|2|0|1|0|0|0|0|1|1|0|0|0|0|0|0|0|0|0|0|0|1|0|0|0|1|0|0|0|0|1|0|0|0|0|0|1|0</HistCounts>
      </HistItem>
    </Histograms>
    <Metadata>
      <MDI key="LAYER_TYPE">athematic</MDI>
      <MDI key="STATISTICS_COVARIANCES">0.002503780473921324</MDI>
      <MDI key="STATISTICS_EXCLUDEDVALUES"></MDI>
      <MDI key="STATISTICS_MAXIMUM">0.32373642921448</MDI>
      <MDI key="STATISTICS_MEAN">0.041258580839447</MDI>
      <MDI key="STATISTICS_MEDIAN">0</MDI>
      <MDI key="STATISTICS_MINIMUM">9.7678981546778e-005</MDI>
      <MDI key="STATISTICS_MODE">0</MDI>
      <MDI key="STATISTICS_SKIPFACTORX">1</MDI>
      <MDI key="STATISTICS_SKIPFACTORY">1</MDI>
      <MDI key="STATISTICS_STDDEV">0.050037790458026</MDI>
    </Metadata>
  </PAMRasterBand>
</PAMDataset>
