<PAMDataset>
  <PAMRasterBand band="1">
    <Description>Layer_1</Description>
    <Histograms>
      <HistItem>
        <HistMin>8.829354919726001e-005</HistMin>
        <HistMax>0.62975257635117</HistMax>
        <BucketCount>256</BucketCount>
        <IncludeOutOfRange>1</IncludeOutOfRange>
        <Approximate>0</Approximate>
        <HistCounts>696|431|291|242|207|178|186|141|105|98|93|96|95|98|96|95|74|88|79|59|71|48|60|57|53|38|61|43|37|47|32|44|38|41|46|28|37|30|26|33|28|31|22|21|23|29|29|16|13|22|23|17|14|17|19|15|25|11|12|21|17|21|15|19|14|10|13|6|13|9|7|7|10|12|8|3|6|12|10|15|7|8|8|7|6|4|7|4|7|4|5|3|5|5|2|8|4|6|8|4|3|5|2|3|3|4|2|0|3|6|2|3|8|6|3|3|1|6|2|1|3|5|3|4|4|1|4|2|2|4|4|1|3|1|2|5|2|1|0|1|2|2|5|1|3|4|2|1|5|7|3|3|2|3|1|1|3|2|2|0|1|3|2|3|3|0|2|0|2|1|1|0|0|2|2|1|0|2|1|0|1|0|1|1|0|0|1|1|0|0|0|0|1|1|0|0|1|0|2|1|0|0|0|0|3|0|2|1|0|0|1|0|0|0|1|0|0|0|0|0|0|0|0|0|0|0|0|1|1|0|0|2|0|0|0|0|0|0|0|0|0|0|0|0|0|0|0|0|0|0|0|0|0|0|1|0</HistCounts>
      </HistItem>
    </Histograms>
    <Metadata>
      <MDI key="LAYER_TYPE">athematic</MDI>
      <MDI key="STATISTICS_COVARIANCES">0.006546149129995956</MDI>
      <MDI key="STATISTICS_EXCLUDEDVALUES"></MDI>
      <MDI key="STATISTICS_MAXIMUM">0.62975257635117</MDI>
      <MDI key="STATISTICS_MEAN">0.057525442292133</MDI>
      <MDI key="STATISTICS_MEDIAN">0</MDI>
      <MDI key="STATISTICS_MINIMUM">8.829354919726e-005</MDI>
      <MDI key="STATISTICS_MODE">0</MDI>
      <MDI key="STATISTICS_SKIPFACTORX">1</MDI>
      <MDI key="STATISTICS_SKIPFACTORY">1</MDI>
      <MDI key="STATISTICS_STDDEV">0.080908276029069</MDI>
    </Metadata>
  </PAMRasterBand>
</PAMDataset>
