<PAMDataset>
  <PAMRasterBand band="1">
    <Description>Layer_1</Description>
    <Histograms>
      <HistItem>
        <HistMin>6.025974653312e-005</HistMin>
        <HistMax>0.6683509349823</HistMax>
        <BucketCount>256</BucketCount>
        <IncludeOutOfRange>1</IncludeOutOfRange>
        <Approximate>0</Approximate>
        <HistCounts>473|326|219|186|172|167|174|135|122|112|113|102|113|92|84|98|81|70|76|79|70|65|47|61|54|69|58|44|55|50|44|39|46|41|40|36|43|33|40|52|40|28|39|38|37|46|27|34|34|37|26|20|22|19|25|18|21|23|12|26|19|18|15|19|16|10|13|13|13|16|15|7|13|11|14|7|11|10|14|7|12|7|4|9|7|7|9|14|12|4|10|12|9|6|4|4|7|5|5|8|7|6|6|6|3|5|12|6|10|6|9|5|4|10|6|7|5|5|6|7|4|7|5|7|4|3|8|2|3|6|2|2|4|4|3|2|7|1|4|4|4|5|5|4|0|2|4|1|0|4|4|4|0|3|1|3|2|1|1|0|1|0|0|3|2|1|2|5|2|2|3|1|1|1|0|1|1|3|0|1|1|1|0|0|0|1|0|0|2|3|1|0|1|1|0|0|2|0|0|0|0|0|0|0|1|1|1|1|0|2|0|1|0|0|0|1|1|0|0|0|0|0|0|0|0|0|0|0|0|0|0|0|0|0|0|1|0|0|0|0|0|1|0|0|0|0|0|0|0|0|0|0|0|0|1|0</HistCounts>
      </HistItem>
    </Histograms>
    <Metadata>
      <MDI key="LAYER_TYPE">athematic</MDI>
      <MDI key="STATISTICS_COVARIANCES">0.008491521588042042</MDI>
      <MDI key="STATISTICS_EXCLUDEDVALUES"></MDI>
      <MDI key="STATISTICS_MAXIMUM">0.6683509349823</MDI>
      <MDI key="STATISTICS_MEAN">0.075257001884693</MDI>
      <MDI key="STATISTICS_MEDIAN">0</MDI>
      <MDI key="STATISTICS_MINIMUM">6.025974653312e-005</MDI>
      <MDI key="STATISTICS_MODE">0</MDI>
      <MDI key="STATISTICS_SKIPFACTORX">1</MDI>
      <MDI key="STATISTICS_SKIPFACTORY">1</MDI>
      <MDI key="STATISTICS_STDDEV">0.09214945245655</MDI>
    </Metadata>
  </PAMRasterBand>
</PAMDataset>
