<PAMDataset>
  <PAMRasterBand band="1">
    <Description>Layer_1</Description>
    <Histograms>
      <HistItem>
        <HistMin>6.7415865487419e-005</HistMin>
        <HistMax>0.5216607451438901</HistMax>
        <BucketCount>256</BucketCount>
        <IncludeOutOfRange>1</IncludeOutOfRange>
        <Approximate>0</Approximate>
        <HistCounts>423|334|253|251|238|184|149|144|159|154|118|102|76|100|89|68|72|63|56|66|58|54|63|60|44|50|61|52|35|34|54|63|44|43|41|48|30|43|39|36|36|45|46|24|42|38|39|34|24|29|20|25|19|22|19|27|20|31|13|18|20|20|18|18|11|21|16|18|12|6|13|13|22|13|13|13|13|8|8|12|7|9|7|12|4|11|5|6|9|3|6|5|9|7|4|4|9|10|10|5|2|6|6|7|4|3|8|4|4|8|5|5|6|2|2|7|5|5|3|3|8|5|3|2|2|1|5|1|1|2|4|2|1|3|3|2|1|5|4|3|2|2|3|0|1|3|3|1|3|5|2|3|2|2|3|1|0|2|1|1|1|0|0|0|1|1|1|1|1|0|0|1|0|1|0|0|0|0|5|1|3|0|0|1|1|0|1|1|0|0|0|0|0|1|1|1|1|0|1|1|0|0|0|0|0|1|0|1|1|0|0|1|1|0|0|1|0|0|0|0|0|0|0|0|2|0|0|0|0|1|1|0|0|0|0|0|0|0|0|0|0|0|0|2|0|0|0|0|0|0|0|0|0|0|0|1</HistCounts>
      </HistItem>
    </Histograms>
    <Metadata>
      <MDI key="LAYER_TYPE">athematic</MDI>
      <MDI key="STATISTICS_COVARIANCES">0.004568033441617714</MDI>
      <MDI key="STATISTICS_EXCLUDEDVALUES"></MDI>
      <MDI key="STATISTICS_MAXIMUM">0.52166074514389</MDI>
      <MDI key="STATISTICS_MEAN">0.054483649739416</MDI>
      <MDI key="STATISTICS_MEDIAN">0</MDI>
      <MDI key="STATISTICS_MINIMUM">6.7415865487419e-005</MDI>
      <MDI key="STATISTICS_MODE">0</MDI>
      <MDI key="STATISTICS_SKIPFACTORX">1</MDI>
      <MDI key="STATISTICS_SKIPFACTORY">1</MDI>
      <MDI key="STATISTICS_STDDEV">0.0675872283913</MDI>
    </Metadata>
  </PAMRasterBand>
</PAMDataset>
