<PAMDataset>
  <PAMRasterBand band="1">
    <Description>Layer_1</Description>
    <Histograms>
      <HistItem>
        <HistMin>4.09954591305e-005</HistMin>
        <HistMax>0.72139322757721</HistMax>
        <BucketCount>256</BucketCount>
        <IncludeOutOfRange>1</IncludeOutOfRange>
        <Approximate>0</Approximate>
        <HistCounts>505|303|232|187|183|171|137|140|119|130|109|109|105|108|99|91|90|65|84|76|67|59|58|46|67|52|52|47|57|51|43|39|37|35|46|39|51|38|43|38|35|52|34|38|28|33|28|21|23|22|21|25|19|21|25|20|20|14|19|17|20|22|13|13|11|14|11|10|14|9|18|10|13|5|10|12|13|12|11|8|9|11|10|12|11|12|7|12|10|10|9|5|10|13|5|7|9|11|11|11|13|9|6|5|16|12|5|11|8|5|7|1|5|8|5|2|4|8|9|3|8|7|5|5|3|3|7|4|8|1|9|3|2|6|5|2|1|2|5|2|4|3|5|2|1|1|3|1|3|1|2|0|2|3|3|1|4|1|3|2|1|0|1|1|2|3|2|0|0|2|3|2|1|3|0|0|1|2|0|1|1|0|1|0|0|1|2|1|1|0|0|0|0|0|0|0|0|1|0|0|0|0|1|1|1|0|1|0|0|1|0|0|0|0|1|0|0|1|0|0|0|0|0|0|0|0|0|0|0|0|0|0|0|0|1|0|0|0|0|0|0|0|0|0|0|1|0|0|0|0|0|0|0|0|1|0</HistCounts>
      </HistItem>
    </Histograms>
    <Metadata>
      <MDI key="LAYER_TYPE">athematic</MDI>
      <MDI key="STATISTICS_COVARIANCES">0.009742967302937441</MDI>
      <MDI key="STATISTICS_EXCLUDEDVALUES"></MDI>
      <MDI key="STATISTICS_MAXIMUM">0.72139322757721</MDI>
      <MDI key="STATISTICS_MEAN">0.080688203342165</MDI>
      <MDI key="STATISTICS_MEDIAN">0</MDI>
      <MDI key="STATISTICS_MINIMUM">4.09954591305e-005</MDI>
      <MDI key="STATISTICS_MODE">0</MDI>
      <MDI key="STATISTICS_SKIPFACTORX">1</MDI>
      <MDI key="STATISTICS_SKIPFACTORY">1</MDI>
      <MDI key="STATISTICS_STDDEV">0.098706470420826</MDI>
    </Metadata>
  </PAMRasterBand>
</PAMDataset>
