<PAMDataset>
  <PAMRasterBand band="1">
    <Description>Layer_1</Description>
    <Histograms>
      <HistItem>
        <HistMin>9.5007839263417e-005</HistMin>
        <HistMax>0.70178043842316</HistMax>
        <BucketCount>256</BucketCount>
        <IncludeOutOfRange>1</IncludeOutOfRange>
        <Approximate>0</Approximate>
        <HistCounts>626|447|442|395|315|231|210|152|126|135|116|105|77|94|107|77|79|66|70|47|62|67|52|43|64|47|63|52|51|42|44|40|42|44|27|26|29|24|30|27|21|27|19|15|18|16|16|18|11|16|17|14|10|12|10|11|8|8|6|10|3|8|6|2|6|6|5|6|6|4|0|5|4|2|2|2|1|4|2|2|2|2|1|1|2|2|3|2|2|5|3|2|1|3|1|2|2|2|2|2|0|0|1|1|0|0|2|3|0|4|1|0|3|2|2|3|0|0|2|1|1|0|2|0|2|1|1|2|3|0|0|3|1|0|2|0|0|1|1|0|1|1|1|2|2|0|1|2|1|3|1|2|0|1|0|0|2|1|0|0|2|0|1|4|0|0|0|0|1|0|2|0|1|1|0|1|0|1|1|0|1|1|0|0|0|0|0|1|1|0|0|1|1|0|0|0|0|0|0|0|0|0|0|0|0|0|0|0|0|1|0|0|0|0|0|0|0|0|0|0|0|0|1|0|0|0|0|0|0|0|0|0|0|0|0|0|0|0|1|0|0|0|0|0|0|0|0|0|0|0|0|0|0|0|1|0</HistCounts>
      </HistItem>
    </Histograms>
    <Metadata>
      <MDI key="LAYER_TYPE">athematic</MDI>
      <MDI key="STATISTICS_COVARIANCES">0.004262628892397521</MDI>
      <MDI key="STATISTICS_EXCLUDEDVALUES"></MDI>
      <MDI key="STATISTICS_MAXIMUM">0.70178043842316</MDI>
      <MDI key="STATISTICS_MEAN">0.043647815536649</MDI>
      <MDI key="STATISTICS_MEDIAN">0</MDI>
      <MDI key="STATISTICS_MINIMUM">9.5007839263417e-005</MDI>
      <MDI key="STATISTICS_MODE">0</MDI>
      <MDI key="STATISTICS_SKIPFACTORX">1</MDI>
      <MDI key="STATISTICS_SKIPFACTORY">1</MDI>
      <MDI key="STATISTICS_STDDEV">0.065288811387538</MDI>
    </Metadata>
  </PAMRasterBand>
</PAMDataset>
