<PAMDataset>
  <PAMRasterBand band="1">
    <Description>Layer_1</Description>
    <Histograms>
      <HistItem>
        <HistMin>5.0459344492992e-005</HistMin>
        <HistMax>0.77462750673294</HistMax>
        <BucketCount>256</BucketCount>
        <IncludeOutOfRange>1</IncludeOutOfRange>
        <Approximate>0</Approximate>
        <HistCounts>852|459|396|362|301|176|128|131|100|105|102|77|75|84|70|62|66|68|82|58|58|60|47|52|46|43|40|30|39|26|33|26|33|20|24|22|28|20|22|26|16|14|21|23|28|22|22|23|13|18|15|12|20|17|18|17|7|13|17|17|15|14|17|15|13|14|13|11|7|6|8|8|13|8|5|11|9|2|5|5|9|4|3|8|4|6|7|4|2|4|4|3|2|5|4|1|1|3|3|3|5|2|1|5|12|3|2|4|1|2|4|3|6|3|2|0|4|0|2|3|2|1|2|1|1|1|4|1|3|2|1|1|1|1|1|3|3|3|4|0|3|0|4|2|1|2|2|1|1|4|0|3|2|0|2|0|1|1|0|3|2|2|1|1|1|0|1|3|1|1|3|2|3|3|0|2|2|0|0|3|4|2|5|1|1|1|1|2|1|1|1|2|1|0|0|0|0|1|0|0|0|0|0|0|0|1|0|0|0|1|0|1|1|0|0|0|0|1|2|0|0|1|0|0|0|0|0|0|0|0|1|1|1|0|1|0|0|0|0|0|2|0|0|1|0|0|1|0|0|0|0|0|0|0|0|1</HistCounts>
      </HistItem>
    </Histograms>
    <Metadata>
      <MDI key="LAYER_TYPE">athematic</MDI>
      <MDI key="STATISTICS_COVARIANCES">0.009961766957243016</MDI>
      <MDI key="STATISTICS_EXCLUDEDVALUES"></MDI>
      <MDI key="STATISTICS_MAXIMUM">0.77462750673294</MDI>
      <MDI key="STATISTICS_MEAN">0.062018422149898</MDI>
      <MDI key="STATISTICS_MEDIAN">0</MDI>
      <MDI key="STATISTICS_MINIMUM">5.0459344492992e-005</MDI>
      <MDI key="STATISTICS_MODE">0</MDI>
      <MDI key="STATISTICS_SKIPFACTORX">1</MDI>
      <MDI key="STATISTICS_SKIPFACTORY">1</MDI>
      <MDI key="STATISTICS_STDDEV">0.099808651715385</MDI>
    </Metadata>
  </PAMRasterBand>
</PAMDataset>
