<PAMDataset>
  <PAMRasterBand band="1">
    <Description>Layer_1</Description>
    <Histograms>
      <HistItem>
        <HistMin>1.4297700545285e-005</HistMin>
        <HistMax>0.52359318733215</HistMax>
        <BucketCount>256</BucketCount>
        <IncludeOutOfRange>1</IncludeOutOfRange>
        <Approximate>0</Approximate>
        <HistCounts>424|305|296|253|237|192|195|146|159|119|121|117|77|73|96|71|89|61|63|68|68|58|54|45|52|49|52|49|42|66|40|51|43|29|37|44|38|44|45|34|40|36|36|35|29|31|37|24|32|37|28|25|22|16|22|19|17|28|18|25|21|20|11|18|13|14|14|13|15|16|12|10|11|19|15|5|10|15|12|9|11|5|7|7|8|5|7|8|3|7|5|2|4|7|3|4|2|4|4|5|7|5|2|3|3|3|4|2|5|3|12|4|4|1|0|3|5|4|6|2|6|4|4|5|1|2|2|7|2|4|3|3|4|2|2|3|4|3|0|7|0|2|3|3|3|1|2|2|2|0|3|3|1|2|1|3|1|1|1|1|2|1|2|0|2|2|1|4|1|0|1|0|4|1|3|0|1|0|0|2|2|1|1|1|0|1|1|0|0|0|1|2|0|1|0|1|1|0|1|0|1|1|1|0|1|0|2|1|4|1|0|0|0|0|0|0|1|0|1|0|0|0|0|1|0|0|1|2|0|0|0|0|0|0|0|0|1|0|0|1|0|1|0|0|0|0|0|0|0|0|0|0|0|1|0|1</HistCounts>
      </HistItem>
    </Histograms>
    <Metadata>
      <MDI key="LAYER_TYPE">athematic</MDI>
      <MDI key="STATISTICS_COVARIANCES">0.004911139273877091</MDI>
      <MDI key="STATISTICS_EXCLUDEDVALUES"></MDI>
      <MDI key="STATISTICS_MAXIMUM">0.52359318733215</MDI>
      <MDI key="STATISTICS_MEAN">0.05409383085234</MDI>
      <MDI key="STATISTICS_MEDIAN">0</MDI>
      <MDI key="STATISTICS_MINIMUM">1.4297700545285e-005</MDI>
      <MDI key="STATISTICS_MODE">0</MDI>
      <MDI key="STATISTICS_SKIPFACTORX">1</MDI>
      <MDI key="STATISTICS_SKIPFACTORY">1</MDI>
      <MDI key="STATISTICS_STDDEV">0.0700795210734</MDI>
    </Metadata>
  </PAMRasterBand>
</PAMDataset>
