<PAMDataset>
  <PAMRasterBand band="1">
    <Description>Layer_1</Description>
    <Histograms>
      <HistItem>
        <HistMin>2.6838597477763e-005</HistMin>
        <HistMax>0.66443371772766</HistMax>
        <BucketCount>256</BucketCount>
        <IncludeOutOfRange>1</IncludeOutOfRange>
        <Approximate>0</Approximate>
        <HistCounts>557|348|302|235|181|187|119|129|122|113|86|92|114|77|84|84|66|79|57|64|51|55|58|49|45|42|43|61|41|33|30|40|21|39|44|42|44|31|32|26|30|30|21|40|20|30|27|26|21|21|21|16|17|18|21|21|22|27|17|9|16|14|15|18|18|18|19|19|12|19|12|18|16|13|17|9|17|15|12|19|14|12|13|19|9|14|8|10|6|13|12|11|6|16|9|10|11|8|6|9|11|6|15|8|12|10|9|13|6|9|9|11|3|5|5|6|5|8|4|10|4|4|3|3|1|4|4|2|4|3|4|4|5|2|5|7|3|6|3|2|3|2|2|6|4|6|2|4|4|1|3|1|2|2|3|3|3|0|4|2|3|4|0|1|2|2|1|3|1|1|2|1|1|1|0|2|3|2|1|1|1|1|3|6|1|2|1|0|2|2|1|2|1|2|0|1|0|0|0|1|0|1|0|1|0|0|0|1|0|1|0|0|2|1|0|0|1|1|0|2|1|0|0|0|0|0|1|1|0|0|0|0|1|0|0|2|0|0|0|0|0|0|1|1|0|0|0|0|0|0|1|0|0|0|0|1</HistCounts>
      </HistItem>
    </Histograms>
    <Metadata>
      <MDI key="LAYER_TYPE">athematic</MDI>
      <MDI key="STATISTICS_COVARIANCES">0.01023207710159384</MDI>
      <MDI key="STATISTICS_EXCLUDEDVALUES"></MDI>
      <MDI key="STATISTICS_MAXIMUM">0.66443371772766</MDI>
      <MDI key="STATISTICS_MEAN">0.078174190783036</MDI>
      <MDI key="STATISTICS_MEDIAN">0</MDI>
      <MDI key="STATISTICS_MINIMUM">2.6838597477763e-005</MDI>
      <MDI key="STATISTICS_MODE">0</MDI>
      <MDI key="STATISTICS_SKIPFACTORX">1</MDI>
      <MDI key="STATISTICS_SKIPFACTORY">1</MDI>
      <MDI key="STATISTICS_STDDEV">0.10115373004291</MDI>
    </Metadata>
  </PAMRasterBand>
</PAMDataset>
