<PAMDataset>
  <PAMRasterBand band="1">
    <Description>Layer_1</Description>
    <Histograms>
      <HistItem>
        <HistMin>2.2055570298107e-005</HistMin>
        <HistMax>0.56140953302383</HistMax>
        <BucketCount>256</BucketCount>
        <IncludeOutOfRange>1</IncludeOutOfRange>
        <Approximate>0</Approximate>
        <HistCounts>520|327|235|206|186|185|170|171|126|132|144|124|113|140|99|107|121|86|89|92|94|82|81|65|77|58|57|51|45|32|41|29|38|41|36|41|31|29|33|31|36|25|32|28|15|28|26|22|19|15|9|20|13|16|19|13|10|6|16|11|8|15|16|8|8|13|7|5|10|2|10|8|3|15|9|11|8|5|5|7|3|10|8|4|12|4|9|7|10|5|4|7|3|3|6|5|1|3|4|3|7|2|5|5|7|2|7|2|3|5|4|6|0|5|4|5|3|4|2|3|4|7|2|5|3|9|3|2|5|2|1|2|5|2|3|4|2|5|1|6|2|1|0|4|2|3|2|4|2|2|1|1|1|3|6|6|4|1|3|0|1|0|1|3|0|2|1|3|4|1|2|1|3|0|2|3|0|0|1|1|0|0|1|1|1|0|2|1|0|0|0|1|1|0|1|0|1|1|1|1|0|1|0|0|2|1|1|0|1|0|0|0|1|0|0|1|0|2|0|0|0|0|1|0|0|0|1|0|0|0|0|0|0|0|0|0|0|0|0|0|0|0|0|0|0|0|0|0|0|0|0|0|0|0|0|1</HistCounts>
      </HistItem>
    </Histograms>
    <Metadata>
      <MDI key="LAYER_TYPE">athematic</MDI>
      <MDI key="STATISTICS_COVARIANCES">0.005300742104344657</MDI>
      <MDI key="STATISTICS_EXCLUDEDVALUES"></MDI>
      <MDI key="STATISTICS_MAXIMUM">0.56140953302383</MDI>
      <MDI key="STATISTICS_MEAN">0.053464083948835</MDI>
      <MDI key="STATISTICS_MEDIAN">0</MDI>
      <MDI key="STATISTICS_MINIMUM">2.2055570298107e-005</MDI>
      <MDI key="STATISTICS_MODE">0</MDI>
      <MDI key="STATISTICS_SKIPFACTORX">1</MDI>
      <MDI key="STATISTICS_SKIPFACTORY">1</MDI>
      <MDI key="STATISTICS_STDDEV">0.072806195507969</MDI>
    </Metadata>
  </PAMRasterBand>
</PAMDataset>
