<PAMDataset>
  <PAMRasterBand band="1">
    <Description>Layer_1</Description>
    <Histograms>
      <HistItem>
        <HistMin>0.00011313647701172</HistMin>
        <HistMax>0.56637752056122</HistMax>
        <BucketCount>256</BucketCount>
        <IncludeOutOfRange>1</IncludeOutOfRange>
        <Approximate>0</Approximate>
        <HistCounts>270|337|274|208|183|134|167|123|156|110|95|100|105|104|78|96|73|89|91|71|81|74|72|64|70|70|61|51|71|51|52|61|39|50|38|37|50|26|43|40|35|44|36|29|40|20|31|30|28|37|28|19|26|43|26|22|28|14|32|22|25|19|16|15|17|13|13|12|13|9|14|15|5|12|8|7|14|13|10|8|17|5|5|7|7|9|7|5|9|3|9|10|2|8|12|8|1|4|7|6|5|11|9|8|9|3|10|1|4|5|5|6|7|7|6|5|6|8|6|6|3|3|4|4|3|4|4|2|5|4|2|4|3|8|6|1|4|3|2|2|6|2|6|1|5|2|3|5|2|3|2|4|1|1|1|2|2|2|2|2|1|4|2|1|4|1|1|0|3|2|3|3|1|2|2|2|2|2|1|1|1|0|0|0|2|0|0|1|3|0|0|2|0|0|0|1|0|1|1|0|1|0|0|1|1|1|2|0|3|1|0|2|1|2|1|0|1|0|1|1|0|3|1|1|0|0|1|0|0|1|0|0|0|0|0|0|0|1|0|1|0|0|0|0|0|0|0|0|0|0|0|0|0|0|1|0</HistCounts>
      </HistItem>
    </Histograms>
    <Metadata>
      <MDI key="LAYER_TYPE">athematic</MDI>
      <MDI key="STATISTICS_COVARIANCES">0.006586478197935809</MDI>
      <MDI key="STATISTICS_EXCLUDEDVALUES"></MDI>
      <MDI key="STATISTICS_MAXIMUM">0.56637752056122</MDI>
      <MDI key="STATISTICS_MEAN">0.066620558364588</MDI>
      <MDI key="STATISTICS_MEDIAN">0</MDI>
      <MDI key="STATISTICS_MINIMUM">0.00011313647701172</MDI>
      <MDI key="STATISTICS_MODE">0</MDI>
      <MDI key="STATISTICS_SKIPFACTORX">1</MDI>
      <MDI key="STATISTICS_SKIPFACTORY">1</MDI>
      <MDI key="STATISTICS_STDDEV">0.08115712043891</MDI>
    </Metadata>
  </PAMRasterBand>
</PAMDataset>
