<PAMDataset>
  <PAMRasterBand band="1">
    <Description>Layer_1</Description>
    <Histograms>
      <HistItem>
        <HistMin>7.3998497100547e-005</HistMin>
        <HistMax>0.6377828121185301</HistMax>
        <BucketCount>256</BucketCount>
        <IncludeOutOfRange>1</IncludeOutOfRange>
        <Approximate>0</Approximate>
        <HistCounts>671|407|322|284|236|208|167|173|140|142|125|110|87|103|107|96|73|74|73|74|69|62|60|67|67|56|52|55|48|25|42|41|36|34|30|33|36|15|31|21|23|18|22|18|23|14|15|19|18|19|18|19|14|15|14|21|7|12|9|11|19|12|8|10|7|5|8|6|10|8|10|8|10|4|5|7|6|4|4|10|5|2|4|3|4|9|8|11|4|5|5|12|8|8|3|4|1|3|3|3|3|3|2|4|4|1|3|2|2|3|7|2|3|2|3|4|0|2|3|3|0|1|2|1|1|3|1|4|2|2|3|0|2|2|1|2|2|0|1|0|3|1|2|0|2|2|2|1|0|1|3|1|0|3|2|0|0|0|0|2|0|1|1|0|0|0|2|0|2|1|0|0|3|0|0|0|0|0|0|0|0|1|1|0|0|1|0|0|1|0|0|0|0|1|0|0|1|0|0|0|1|0|1|0|0|1|1|0|0|0|0|0|0|0|0|1|0|0|0|0|0|1|0|0|0|0|0|0|0|0|0|0|1|0|0|0|0|0|0|0|0|0|1|1|0|0|0|0|0|0|0|1|0|0|0|1</HistCounts>
      </HistItem>
    </Histograms>
    <Metadata>
      <MDI key="LAYER_TYPE">athematic</MDI>
      <MDI key="STATISTICS_COVARIANCES">0.004907814677565454</MDI>
      <MDI key="STATISTICS_EXCLUDEDVALUES"></MDI>
      <MDI key="STATISTICS_MAXIMUM">0.63778281211853</MDI>
      <MDI key="STATISTICS_MEAN">0.049055610440506</MDI>
      <MDI key="STATISTICS_MEDIAN">0</MDI>
      <MDI key="STATISTICS_MINIMUM">7.3998497100547e-005</MDI>
      <MDI key="STATISTICS_MODE">0</MDI>
      <MDI key="STATISTICS_SKIPFACTORX">1</MDI>
      <MDI key="STATISTICS_SKIPFACTORY">1</MDI>
      <MDI key="STATISTICS_STDDEV">0.070055796887663</MDI>
    </Metadata>
  </PAMRasterBand>
</PAMDataset>
