<PAMDataset>
  <PAMRasterBand band="1">
    <Description>Layer_1</Description>
    <Histograms>
      <HistItem>
        <HistMin>0.00014728899986949</HistMin>
        <HistMax>0.55591928958893</HistMax>
        <BucketCount>256</BucketCount>
        <IncludeOutOfRange>1</IncludeOutOfRange>
        <Approximate>0</Approximate>
        <HistCounts>262|348|295|208|158|154|144|138|151|105|145|107|106|105|95|103|95|102|80|66|76|83|80|80|77|57|62|51|47|44|58|37|46|33|49|46|33|34|34|34|39|36|43|30|25|22|31|35|30|33|20|33|25|24|22|24|14|13|19|16|17|14|13|14|12|12|12|15|12|12|11|10|7|15|10|10|11|8|12|11|7|12|5|9|4|8|10|7|8|6|9|7|7|6|12|6|7|7|4|3|5|6|8|3|2|4|4|7|2|7|7|4|5|5|3|3|3|7|5|9|7|6|4|4|4|6|9|4|2|5|2|5|6|4|6|4|3|7|4|3|2|2|3|3|3|2|0|1|5|5|2|3|1|5|4|2|1|2|5|2|7|4|1|2|4|3|5|1|1|0|2|3|1|2|5|3|3|2|1|2|1|1|0|4|1|2|3|0|0|1|1|0|1|2|2|3|0|0|2|0|0|0|1|0|0|1|1|0|0|0|1|0|0|1|1|0|0|0|1|0|0|1|0|0|1|0|0|1|0|1|1|0|0|0|0|1|0|0|0|0|1|0|0|0|1|0|0|0|0|0|0|1|0|0|2|0</HistCounts>
      </HistItem>
    </Histograms>
    <Metadata>
      <MDI key="LAYER_TYPE">athematic</MDI>
      <MDI key="STATISTICS_COVARIANCES">0.006640930304046798</MDI>
      <MDI key="STATISTICS_EXCLUDEDVALUES"></MDI>
      <MDI key="STATISTICS_MAXIMUM">0.55591928958893</MDI>
      <MDI key="STATISTICS_MEAN">0.064668560640531</MDI>
      <MDI key="STATISTICS_MEDIAN">0</MDI>
      <MDI key="STATISTICS_MINIMUM">0.00014728899986949</MDI>
      <MDI key="STATISTICS_MODE">0</MDI>
      <MDI key="STATISTICS_SKIPFACTORX">1</MDI>
      <MDI key="STATISTICS_SKIPFACTORY">1</MDI>
      <MDI key="STATISTICS_STDDEV">0.081491903303622</MDI>
    </Metadata>
  </PAMRasterBand>
</PAMDataset>
