<PAMDataset>
  <PAMRasterBand band="1">
    <Description>Layer_1</Description>
    <Histograms>
      <HistItem>
        <HistMin>0.00011375771282474</HistMin>
        <HistMax>0.7752497792244</HistMax>
        <BucketCount>256</BucketCount>
        <IncludeOutOfRange>1</IncludeOutOfRange>
        <Approximate>0</Approximate>
        <HistCounts>581|296|228|166|177|147|138|124|114|141|113|112|110|99|98|106|81|75|91|60|79|74|64|71|71|54|48|58|53|44|37|43|44|45|41|51|37|31|35|33|34|32|28|25|19|36|25|33|22|21|22|26|15|16|15|23|21|19|16|12|17|11|20|11|16|10|20|14|18|12|15|15|12|10|16|12|14|9|16|8|10|6|10|16|16|10|15|7|8|11|10|10|6|9|12|11|12|9|9|7|10|4|8|4|5|10|4|8|5|8|7|5|7|8|14|3|4|8|7|5|7|1|5|1|2|5|4|4|5|5|4|1|3|2|2|5|3|1|2|2|1|3|3|3|2|4|3|2|2|0|1|2|1|4|2|2|2|1|0|1|2|2|3|0|0|3|2|1|0|0|1|0|2|1|0|0|0|1|2|1|0|0|0|2|0|0|0|0|0|1|0|1|0|0|0|1|1|1|0|1|0|0|1|0|0|0|0|1|1|0|0|0|0|1|0|0|0|0|0|0|0|0|1|0|0|1|0|0|0|0|0|0|0|0|0|0|1|0|0|0|1|0|0|0|0|0|0|0|0|0|0|0|0|0|1|0</HistCounts>
      </HistItem>
    </Histograms>
    <Metadata>
      <MDI key="LAYER_TYPE">athematic</MDI>
      <MDI key="STATISTICS_COVARIANCES">0.01060844969969175</MDI>
      <MDI key="STATISTICS_EXCLUDEDVALUES"></MDI>
      <MDI key="STATISTICS_MAXIMUM">0.7752497792244</MDI>
      <MDI key="STATISTICS_MEAN">0.084103376968675</MDI>
      <MDI key="STATISTICS_MEDIAN">0</MDI>
      <MDI key="STATISTICS_MINIMUM">0.00011375771282474</MDI>
      <MDI key="STATISTICS_MODE">0</MDI>
      <MDI key="STATISTICS_SKIPFACTORX">1</MDI>
      <MDI key="STATISTICS_SKIPFACTORY">1</MDI>
      <MDI key="STATISTICS_STDDEV">0.10299732860464</MDI>
    </Metadata>
  </PAMRasterBand>
</PAMDataset>
