<PAMDataset>
  <PAMRasterBand band="1">
    <Description>Layer_1</Description>
    <Histograms>
      <HistItem>
        <HistMin>5.7703993661562e-005</HistMin>
        <HistMax>0.70386797189713</HistMax>
        <BucketCount>256</BucketCount>
        <IncludeOutOfRange>1</IncludeOutOfRange>
        <Approximate>0</Approximate>
        <HistCounts>496|324|220|187|173|174|166|136|135|109|117|112|93|90|96|92|93|77|76|57|78|55|72|52|57|55|57|47|65|39|56|44|38|38|34|43|43|43|33|48|47|34|40|37|32|31|26|30|31|22|28|24|16|20|23|26|14|14|20|20|20|15|12|15|15|12|13|8|12|10|13|16|12|12|18|7|8|9|12|12|9|12|5|8|10|8|12|12|10|8|8|8|12|8|4|6|5|6|11|7|12|7|8|9|9|5|8|5|4|9|7|4|7|10|2|3|5|8|3|9|6|6|8|5|5|7|5|1|10|2|3|3|3|2|3|1|4|4|4|2|3|6|3|3|2|2|3|2|2|3|1|1|1|0|3|0|3|2|1|0|1|1|3|2|3|3|0|1|2|2|2|4|1|1|0|2|0|1|0|1|0|1|1|1|1|1|0|2|1|0|0|0|0|1|0|0|1|0|0|0|0|0|0|1|1|0|1|1|2|0|0|0|0|0|0|0|1|1|0|0|0|0|0|0|0|0|0|0|0|0|0|0|0|0|0|0|1|0|0|0|0|0|0|0|1|0|0|0|0|0|0|0|0|0|1|0</HistCounts>
      </HistItem>
    </Histograms>
    <Metadata>
      <MDI key="LAYER_TYPE">athematic</MDI>
      <MDI key="STATISTICS_COVARIANCES">0.009171548068613717</MDI>
      <MDI key="STATISTICS_EXCLUDEDVALUES"></MDI>
      <MDI key="STATISTICS_MAXIMUM">0.70386797189713</MDI>
      <MDI key="STATISTICS_MEAN">0.077924549392716</MDI>
      <MDI key="STATISTICS_MEDIAN">0</MDI>
      <MDI key="STATISTICS_MINIMUM">5.7703993661562e-005</MDI>
      <MDI key="STATISTICS_MODE">0</MDI>
      <MDI key="STATISTICS_SKIPFACTORX">1</MDI>
      <MDI key="STATISTICS_SKIPFACTORY">1</MDI>
      <MDI key="STATISTICS_STDDEV">0.095768199673032</MDI>
    </Metadata>
  </PAMRasterBand>
</PAMDataset>
