<PAMDataset>
  <PAMRasterBand band="1">
    <Description>Layer_1</Description>
    <Histograms>
      <HistItem>
        <HistMin>6.634808232775e-005</HistMin>
        <HistMax>0.72297239303589</HistMax>
        <BucketCount>256</BucketCount>
        <IncludeOutOfRange>1</IncludeOutOfRange>
        <Approximate>0</Approximate>
        <HistCounts>614|304|194|137|133|125|130|102|109|102|95|85|110|78|89|79|83|91|84|72|85|81|74|73|66|76|55|54|48|56|62|48|42|41|46|47|41|43|33|45|42|43|32|30|27|32|35|26|30|29|21|20|22|18|25|21|18|14|21|14|20|14|13|14|17|10|18|10|11|13|18|8|15|16|15|14|10|14|11|8|13|13|10|13|14|14|7|10|4|11|9|12|10|10|6|7|8|7|7|8|3|12|9|19|6|7|6|6|8|6|7|5|4|6|9|8|7|2|5|4|7|3|4|5|3|5|7|11|7|6|6|1|7|2|7|3|1|2|4|6|5|4|3|0|4|4|2|5|3|4|5|1|5|1|2|3|4|2|1|1|3|3|5|1|4|5|4|1|2|2|3|0|0|0|4|2|3|0|0|1|0|1|3|0|0|0|2|1|1|0|0|1|2|0|2|1|0|0|0|1|1|0|0|0|2|0|1|0|0|1|0|0|1|1|0|0|0|0|0|1|0|1|0|0|1|0|2|0|0|1|0|1|1|0|0|0|0|0|0|0|0|0|0|0|0|1|0|0|1|0|0|0|0|0|1|0</HistCounts>
      </HistItem>
    </Histograms>
    <Metadata>
      <MDI key="LAYER_TYPE">athematic</MDI>
      <MDI key="STATISTICS_COVARIANCES">0.01137431910022267</MDI>
      <MDI key="STATISTICS_EXCLUDEDVALUES"></MDI>
      <MDI key="STATISTICS_MAXIMUM">0.72297239303589</MDI>
      <MDI key="STATISTICS_MEAN">0.087389879125014</MDI>
      <MDI key="STATISTICS_MEDIAN">0</MDI>
      <MDI key="STATISTICS_MINIMUM">6.634808232775e-005</MDI>
      <MDI key="STATISTICS_MODE">0</MDI>
      <MDI key="STATISTICS_SKIPFACTORX">1</MDI>
      <MDI key="STATISTICS_SKIPFACTORY">1</MDI>
      <MDI key="STATISTICS_STDDEV">0.10665045288335</MDI>
    </Metadata>
  </PAMRasterBand>
</PAMDataset>
