<PAMDataset>
  <PAMRasterBand band="1">
    <Description>Layer_1</Description>
    <Histograms>
      <HistItem>
        <HistMin>0.00010007142554969</HistMin>
        <HistMax>0.62329971790314</HistMax>
        <BucketCount>256</BucketCount>
        <IncludeOutOfRange>1</IncludeOutOfRange>
        <Approximate>0</Approximate>
        <HistCounts>442|336|228|173|163|162|166|143|112|105|104|93|93|95|88|76|85|87|67|82|79|64|55|63|57|47|53|50|56|49|43|49|37|45|45|45|39|38|46|31|39|30|39|56|31|36|40|39|31|44|28|37|23|29|20|32|16|40|16|18|17|18|18|11|19|24|11|13|11|11|12|17|12|13|12|6|12|7|11|10|8|14|8|5|6|6|4|10|9|3|10|10|9|4|5|5|10|12|7|5|11|4|3|4|7|7|6|5|4|5|6|4|6|7|4|6|3|10|8|6|5|5|6|3|7|4|6|6|6|6|2|3|3|2|6|4|6|0|2|5|3|6|4|2|5|1|3|0|3|1|1|3|2|6|4|3|1|1|4|6|1|0|1|1|4|1|1|1|2|3|0|1|1|3|1|3|1|2|2|0|3|1|4|3|0|2|2|0|1|0|0|0|0|1|2|1|0|2|1|2|0|3|2|1|0|1|1|0|2|0|1|0|2|0|0|1|1|0|0|0|0|0|1|0|0|0|0|0|0|0|0|0|0|0|0|0|0|0|1|0|0|0|0|0|1|0|0|0|0|0|0|0|0|0|1|0</HistCounts>
      </HistItem>
    </Histograms>
    <Metadata>
      <MDI key="LAYER_TYPE">athematic</MDI>
      <MDI key="STATISTICS_COVARIANCES">0.008097638427168478</MDI>
      <MDI key="STATISTICS_EXCLUDEDVALUES"></MDI>
      <MDI key="STATISTICS_MAXIMUM">0.62329971790314</MDI>
      <MDI key="STATISTICS_MEAN">0.073557516080487</MDI>
      <MDI key="STATISTICS_MEDIAN">0</MDI>
      <MDI key="STATISTICS_MINIMUM">0.00010007142554969</MDI>
      <MDI key="STATISTICS_MODE">0</MDI>
      <MDI key="STATISTICS_SKIPFACTORX">1</MDI>
      <MDI key="STATISTICS_SKIPFACTORY">1</MDI>
      <MDI key="STATISTICS_STDDEV">0.089986879194516</MDI>
    </Metadata>
  </PAMRasterBand>
</PAMDataset>
