<PAMDataset>
  <PAMRasterBand band="1">
    <Description>Layer_1</Description>
    <Histograms>
      <HistItem>
        <HistMin>1.1883236766153e-005</HistMin>
        <HistMax>0.8308954834938001</HistMax>
        <BucketCount>256</BucketCount>
        <IncludeOutOfRange>1</IncludeOutOfRange>
        <Approximate>0</Approximate>
        <HistCounts>790|352|238|223|200|222|154|126|133|134|98|87|93|90|85|85|63|64|67|68|62|42|61|58|62|70|44|44|55|56|58|42|39|42|38|45|36|38|35|28|36|44|35|35|26|21|24|34|22|19|15|23|21|11|11|13|13|12|18|14|11|15|11|14|11|5|8|4|18|6|13|8|4|8|8|9|14|13|9|8|8|8|3|6|6|12|8|5|3|7|3|2|2|2|4|4|5|4|2|6|3|7|3|2|8|2|5|3|1|4|3|6|3|3|2|3|5|2|4|2|7|2|1|1|1|2|5|1|4|3|1|1|1|2|2|3|3|2|3|2|2|1|2|2|1|1|2|3|1|0|1|5|3|4|1|0|2|0|0|1|2|1|0|2|1|0|3|1|1|1|2|1|1|0|1|1|2|2|3|2|0|2|2|0|0|0|0|1|1|2|1|0|0|1|1|2|0|0|2|0|0|0|2|1|0|2|0|2|1|0|0|1|1|0|0|1|3|0|0|0|0|0|0|0|1|0|1|2|0|0|0|0|0|0|0|0|1|0|0|0|0|0|0|0|0|1|0|0|0|0|1|0|0|0|0|1</HistCounts>
      </HistItem>
    </Histograms>
    <Metadata>
      <MDI key="LAYER_TYPE">athematic</MDI>
      <MDI key="STATISTICS_COVARIANCES">0.01153335401828931</MDI>
      <MDI key="STATISTICS_EXCLUDEDVALUES"></MDI>
      <MDI key="STATISTICS_MAXIMUM">0.8308954834938</MDI>
      <MDI key="STATISTICS_MEAN">0.075815911697022</MDI>
      <MDI key="STATISTICS_MEDIAN">0</MDI>
      <MDI key="STATISTICS_MINIMUM">1.1883236766153e-005</MDI>
      <MDI key="STATISTICS_MODE">0</MDI>
      <MDI key="STATISTICS_SKIPFACTORX">1</MDI>
      <MDI key="STATISTICS_SKIPFACTORY">1</MDI>
      <MDI key="STATISTICS_STDDEV">0.10739345426184</MDI>
    </Metadata>
  </PAMRasterBand>
</PAMDataset>
